AGEP,COW,SCHL,MAR,OCCP,POBP,RELP,WKHP,SEX,RAC1P,>50K
68.0,3.0,19.0,0,3545.0,30.0,0.0,40.0,1,1.0,0
50.0,6.0,11.0,1,3602.0,18.0,1.0,30.0,1,1.0,0
47.0,1.0,14.0,0,410.0,19.0,16.0,30.0,0,1.0,0
48.0,1.0,16.0,1,9620.0,8.0,0.0,26.0,1,1.0,0
33.0,6.0,21.0,1,4760.0,53.0,0.0,20.0,1,1.0,0
66.0,6.0,19.0,1,810.0,18.0,0.0,50.0,0,1.0,1
78.0,4.0,21.0,1,9122.0,56.0,1.0,18.0,0,1.0,1
73.0,1.0,21.0,1,10.0,25.0,0.0,50.0,0,1.0,1
47.0,1.0,21.0,1,9210.0,56.0,0.0,40.0,0,1.0,1
19.0,1.0,19.0,0,2350.0,31.0,17.0,8.0,1,1.0,0
41.0,1.0,19.0,1,10.0,27.0,0.0,40.0,0,1.0,1
30.0,1.0,20.0,0,9130.0,56.0,12.0,30.0,1,1.0,0
34.0,1.0,16.0,1,3323.0,36.0,9.0,40.0,1,1.0,1
60.0,1.0,16.0,1,5160.0,8.0,1.0,40.0,1,1.0,0
17.0,1.0,14.0,0,4110.0,56.0,2.0,30.0,1,1.0,0
60.0,1.0,16.0,1,6950.0,46.0,1.0,40.0,0,1.0,1
24.0,1.0,19.0,0,2145.0,6.0,12.0,35.0,1,1.0,0
63.0,6.0,16.0,1,4350.0,56.0,0.0,80.0,0,1.0,1
71.0,1.0,18.0,1,5740.0,20.0,1.0,40.0,1,1.0,0
35.0,5.0,16.0,1,3930.0,25.0,0.0,50.0,1,1.0,0
31.0,1.0,16.0,1,20.0,53.0,1.0,45.0,1,1.0,0
22.0,1.0,19.0,0,3640.0,303.0,0.0,24.0,1,1.0,0
23.0,1.0,16.0,1,7340.0,49.0,0.0,60.0,0,1.0,1
30.0,1.0,16.0,1,310.0,56.0,0.0,50.0,1,1.0,0
62.0,7.0,23.0,0,3090.0,36.0,0.0,80.0,0,1.0,1
74.0,4.0,24.0,0,2205.0,20.0,0.0,60.0,0,1.0,1
55.0,1.0,16.0,1,4850.0,38.0,0.0,40.0,0,1.0,0
31.0,3.0,21.0,1,2310.0,30.0,0.0,45.0,1,1.0,0
32.0,1.0,20.0,0,4700.0,56.0,12.0,75.0,0,1.0,0
61.0,4.0,21.0,1,2006.0,20.0,1.0,45.0,1,1.0,0
61.0,5.0,19.0,0,410.0,56.0,0.0,40.0,1,3.0,1
80.0,7.0,21.0,1,205.0,56.0,1.0,10.0,0,1.0,1
23.0,1.0,18.0,0,6260.0,24.0,16.0,45.0,0,1.0,0
30.0,1.0,16.0,1,4020.0,303.0,1.0,30.0,0,8.0,0
56.0,7.0,21.0,1,5860.0,6.0,0.0,45.0,0,1.0,1
27.0,1.0,21.0,1,10.0,56.0,0.0,45.0,1,1.0,1
67.0,3.0,20.0,1,9122.0,38.0,0.0,24.0,0,1.0,0
59.0,3.0,19.0,1,2722.0,30.0,0.0,6.0,1,1.0,0
67.0,4.0,22.0,1,4700.0,36.0,0.0,40.0,1,1.0,0
66.0,6.0,16.0,1,4210.0,30.0,1.0,40.0,0,1.0,0
36.0,5.0,21.0,1,9830.0,17.0,0.0,40.0,0,1.0,1
70.0,3.0,22.0,1,2310.0,28.0,1.0,30.0,1,1.0,0
49.0,1.0,20.0,1,1050.0,56.0,0.0,40.0,0,1.0,1
65.0,1.0,18.0,1,9130.0,6.0,1.0,60.0,0,1.0,1
65.0,3.0,19.0,1,440.0,48.0,1.0,40.0,1,1.0,1
54.0,7.0,15.0,1,8740.0,8.0,0.0,60.0,0,1.0,1
57.0,1.0,16.0,1,5400.0,16.0,1.0,38.0,1,1.0,0
54.0,1.0,19.0,1,7700.0,46.0,0.0,48.0,0,1.0,1
75.0,6.0,19.0,1,4920.0,31.0,0.0,50.0,0,1.0,1
60.0,4.0,19.0,0,2205.0,20.0,0.0,40.0,0,1.0,1
69.0,1.0,16.0,0,310.0,21.0,0.0,70.0,1,1.0,1
55.0,1.0,16.0,1,4760.0,56.0,1.0,35.0,1,1.0,0
37.0,4.0,22.0,1,230.0,8.0,1.0,40.0,0,1.0,1
26.0,3.0,16.0,1,4020.0,56.0,0.0,40.0,0,3.0,0
56.0,1.0,16.0,1,9130.0,49.0,1.0,40.0,0,1.0,1
38.0,6.0,16.0,1,6260.0,31.0,0.0,30.0,0,1.0,0
44.0,2.0,20.0,1,5740.0,26.0,1.0,40.0,1,1.0,0
49.0,1.0,16.0,1,6260.0,53.0,1.0,70.0,0,1.0,0
64.0,3.0,22.0,1,230.0,36.0,1.0,36.0,0,1.0,1
22.0,1.0,21.0,1,6050.0,56.0,1.0,40.0,1,1.0,0
24.0,1.0,19.0,0,7200.0,56.0,0.0,74.0,0,1.0,1
60.0,1.0,19.0,0,8140.0,26.0,0.0,50.0,0,1.0,1
33.0,1.0,16.0,1,9130.0,29.0,0.0,40.0,0,1.0,1
62.0,1.0,20.0,1,2310.0,313.0,1.0,38.0,1,1.0,0
36.0,1.0,20.0,1,3255.0,56.0,1.0,40.0,1,1.0,1
55.0,3.0,21.0,1,1980.0,56.0,0.0,40.0,0,1.0,0
60.0,3.0,16.0,1,5350.0,56.0,1.0,40.0,1,1.0,0
37.0,1.0,19.0,1,4720.0,56.0,1.0,40.0,1,1.0,0
81.0,6.0,19.0,1,310.0,56.0,0.0,50.0,0,1.0,0
37.0,1.0,21.0,1,2631.0,26.0,1.0,40.0,0,1.0,0
39.0,1.0,16.0,1,6200.0,303.0,0.0,40.0,0,8.0,0
50.0,3.0,22.0,1,2330.0,40.0,1.0,40.0,1,1.0,0
70.0,6.0,21.0,0,4600.0,17.0,0.0,36.0,1,1.0,0
55.0,6.0,19.0,1,6260.0,56.0,0.0,40.0,0,1.0,0
21.0,3.0,16.0,0,3802.0,56.0,2.0,40.0,0,3.0,0
17.0,3.0,14.0,0,3430.0,56.0,2.0,18.0,1,1.0,0
60.0,6.0,22.0,1,10.0,211.0,1.0,40.0,1,1.0,1
41.0,1.0,19.0,1,3603.0,41.0,1.0,40.0,1,1.0,0
56.0,1.0,17.0,1,5220.0,31.0,1.0,10.0,1,1.0,0
53.0,1.0,19.0,1,20.0,31.0,0.0,77.0,0,1.0,0
56.0,5.0,17.0,1,7000.0,56.0,1.0,40.0,0,1.0,0
50.0,2.0,16.0,1,9121.0,56.0,0.0,40.0,1,1.0,0
38.0,1.0,16.0,1,4020.0,215.0,1.0,45.0,0,6.0,0
56.0,1.0,19.0,1,9130.0,22.0,0.0,55.0,0,1.0,1
67.0,3.0,22.0,1,2310.0,16.0,0.0,40.0,1,1.0,0
39.0,4.0,20.0,0,3802.0,53.0,0.0,42.0,0,1.0,0
63.0,1.0,16.0,1,7350.0,16.0,1.0,50.0,0,1.0,1
62.0,1.0,18.0,0,9600.0,40.0,0.0,40.0,0,1.0,0
17.0,1.0,13.0,0,4110.0,56.0,2.0,16.0,1,1.0,0
38.0,3.0,21.0,0,2310.0,56.0,0.0,55.0,1,1.0,1
58.0,1.0,21.0,1,9130.0,31.0,1.0,50.0,0,1.0,0
22.0,1.0,16.0,1,6950.0,56.0,1.0,80.0,0,1.0,1
64.0,1.0,20.0,0,20.0,53.0,0.0,45.0,0,1.0,1
49.0,4.0,18.0,1,3602.0,48.0,1.0,45.0,1,1.0,0
39.0,1.0,16.0,1,6355.0,56.0,0.0,40.0,0,1.0,1
42.0,1.0,21.0,1,5240.0,8.0,0.0,40.0,1,1.0,0
62.0,1.0,18.0,1,440.0,8.0,0.0,45.0,0,1.0,0
37.0,1.0,12.0,1,205.0,18.0,0.0,10.0,1,1.0,0
35.0,1.0,21.0,1,300.0,56.0,0.0,45.0,0,1.0,1
63.0,1.0,21.0,1,6800.0,55.0,0.0,44.0,0,1.0,1
62.0,1.0,17.0,1,9410.0,6.0,1.0,40.0,1,1.0,0
56.0,1.0,21.0,1,4850.0,31.0,0.0,50.0,0,1.0,1
48.0,4.0,20.0,1,6305.0,31.0,0.0,42.0,0,1.0,1
41.0,2.0,21.0,1,5860.0,56.0,0.0,40.0,1,1.0,0
56.0,1.0,16.0,0,6800.0,40.0,0.0,50.0,0,1.0,1
58.0,1.0,19.0,1,4700.0,26.0,0.0,40.0,1,1.0,0
67.0,1.0,16.0,1,4760.0,20.0,0.0,15.0,1,1.0,0
47.0,1.0,16.0,0,7640.0,19.0,0.0,40.0,0,1.0,0
35.0,1.0,23.0,1,4110.0,42.0,0.0,24.0,1,1.0,0
50.0,5.0,18.0,0,3649.0,16.0,13.0,36.0,1,1.0,0
51.0,2.0,20.0,1,3255.0,4.0,1.0,40.0,1,1.0,1
62.0,7.0,20.0,1,20.0,55.0,0.0,40.0,0,1.0,1
62.0,6.0,18.0,1,4220.0,56.0,0.0,15.0,1,1.0,0
57.0,2.0,19.0,1,4230.0,29.0,0.0,3.0,1,1.0,0
57.0,6.0,19.0,1,7540.0,36.0,0.0,40.0,0,1.0,0
18.0,1.0,14.0,0,4720.0,8.0,2.0,20.0,0,1.0,0
22.0,1.0,21.0,0,4760.0,139.0,12.0,25.0,1,1.0,0
47.0,1.0,16.0,1,6825.0,46.0,0.0,42.0,0,1.0,1
58.0,1.0,18.0,1,6200.0,8.0,0.0,50.0,1,1.0,1
44.0,1.0,20.0,1,1105.0,56.0,1.0,40.0,0,1.0,1
47.0,4.0,24.0,1,2205.0,6.0,0.0,50.0,0,1.0,1
57.0,5.0,20.0,1,2170.0,56.0,0.0,40.0,1,1.0,1
40.0,6.0,21.0,1,4200.0,56.0,1.0,25.0,0,1.0,1
41.0,5.0,20.0,1,9830.0,30.0,0.0,65.0,0,1.0,0
27.0,1.0,17.0,0,4251.0,56.0,2.0,40.0,0,1.0,0
58.0,1.0,16.0,1,440.0,6.0,0.0,40.0,0,1.0,1
46.0,1.0,20.0,1,3255.0,56.0,1.0,36.0,1,1.0,1
48.0,7.0,17.0,1,8740.0,42.0,0.0,50.0,0,1.0,1
37.0,3.0,21.0,1,440.0,6.0,0.0,40.0,1,1.0,0
34.0,6.0,16.0,1,205.0,56.0,1.0,60.0,0,1.0,1
26.0,1.0,19.0,0,9645.0,56.0,2.0,21.0,0,1.0,0
46.0,3.0,22.0,1,2310.0,56.0,0.0,40.0,1,1.0,1
35.0,1.0,17.0,1,440.0,56.0,1.0,40.0,0,1.0,1
63.0,1.0,19.0,1,5240.0,6.0,0.0,45.0,0,1.0,1
38.0,5.0,19.0,0,9830.0,56.0,0.0,50.0,0,1.0,1
71.0,6.0,21.0,1,7750.0,39.0,1.0,46.0,1,1.0,0
69.0,1.0,18.0,1,4230.0,29.0,1.0,4.0,1,1.0,0
32.0,2.0,21.0,0,136.0,56.0,0.0,40.0,0,1.0,0
43.0,3.0,22.0,1,2300.0,21.0,1.0,29.0,1,1.0,0
41.0,1.0,20.0,1,5740.0,31.0,0.0,32.0,1,1.0,0
66.0,1.0,19.0,1,9365.0,42.0,1.0,45.0,0,1.0,1
66.0,4.0,19.0,0,5740.0,19.0,0.0,40.0,1,1.0,1
75.0,6.0,17.0,0,4920.0,56.0,0.0,50.0,1,1.0,1
27.0,3.0,21.0,0,3255.0,56.0,2.0,40.0,1,1.0,0
43.0,1.0,21.0,1,6850.0,9.0,0.0,42.0,0,1.0,1
35.0,1.0,24.0,1,3050.0,56.0,1.0,55.0,0,1.0,1
17.0,6.0,13.0,0,4251.0,56.0,2.0,1.0,0,1.0,0
51.0,1.0,16.0,1,9600.0,303.0,1.0,48.0,1,1.0,0
35.0,1.0,19.0,0,5120.0,56.0,0.0,40.0,1,1.0,0
70.0,1.0,20.0,1,6305.0,8.0,1.0,60.0,0,1.0,1
45.0,1.0,21.0,0,850.0,501.0,13.0,60.0,1,1.0,1
59.0,6.0,22.0,1,2360.0,11.0,1.0,30.0,1,1.0,1
71.0,7.0,18.0,1,205.0,56.0,0.0,80.0,0,1.0,1
61.0,1.0,22.0,1,4840.0,55.0,1.0,50.0,0,1.0,1
62.0,4.0,21.0,1,4600.0,27.0,1.0,40.0,1,1.0,0
34.0,5.0,20.0,0,5310.0,56.0,2.0,40.0,1,3.0,0
39.0,1.0,20.0,1,1108.0,6.0,1.0,35.0,0,1.0,1
69.0,4.0,20.0,1,5740.0,53.0,0.0,40.0,1,1.0,1
43.0,1.0,18.0,1,5740.0,56.0,0.0,80.0,1,1.0,0
61.0,1.0,16.0,1,8140.0,8.0,1.0,40.0,0,1.0,0
48.0,1.0,16.0,1,5300.0,30.0,0.0,36.0,1,1.0,0
83.0,1.0,19.0,1,6355.0,56.0,0.0,40.0,0,1.0,1
37.0,1.0,21.0,0,735.0,36.0,0.0,40.0,1,1.0,0
40.0,1.0,18.0,1,6260.0,41.0,1.0,42.0,0,1.0,0
45.0,1.0,21.0,1,4700.0,138.0,1.0,40.0,0,1.0,1
38.0,3.0,17.0,0,410.0,56.0,13.0,40.0,0,1.0,1
47.0,1.0,21.0,1,5000.0,56.0,1.0,25.0,1,1.0,0
66.0,2.0,21.0,1,2310.0,27.0,0.0,40.0,0,1.0,1
55.0,3.0,21.0,0,6730.0,55.0,13.0,40.0,0,1.0,1
31.0,1.0,16.0,0,5740.0,56.0,2.0,35.0,1,1.0,0
54.0,2.0,16.0,1,3603.0,56.0,1.0,40.0,1,1.0,0
29.0,3.0,22.0,1,2205.0,56.0,0.0,40.0,1,1.0,0
30.0,1.0,19.0,0,3310.0,72.0,13.0,36.0,1,1.0,1
62.0,3.0,21.0,1,2310.0,56.0,1.0,20.0,0,1.0,0
30.0,1.0,23.0,1,735.0,56.0,1.0,40.0,1,1.0,0
24.0,1.0,21.0,1,6050.0,18.0,0.0,60.0,0,1.0,0
29.0,1.0,13.0,1,4900.0,6.0,1.0,40.0,1,1.0,0
25.0,1.0,19.0,1,5740.0,13.0,1.0,40.0,1,1.0,0
18.0,1.0,18.0,0,4720.0,8.0,17.0,40.0,1,1.0,0
28.0,1.0,18.0,0,6442.0,139.0,2.0,40.0,0,1.0,0
38.0,3.0,22.0,1,2310.0,18.0,0.0,55.0,1,9.0,1
53.0,3.0,16.0,1,7220.0,56.0,0.0,40.0,0,9.0,0
32.0,4.0,22.0,0,1860.0,16.0,0.0,40.0,0,1.0,1
58.0,1.0,21.0,0,800.0,56.0,0.0,55.0,1,1.0,1
47.0,3.0,17.0,1,2545.0,42.0,0.0,17.0,1,1.0,0
62.0,1.0,21.0,1,800.0,56.0,1.0,50.0,1,1.0,1
30.0,1.0,17.0,0,8740.0,8.0,0.0,40.0,0,1.0,1
40.0,7.0,20.0,1,3270.0,16.0,1.0,40.0,1,1.0,1
35.0,1.0,21.0,1,1350.0,8.0,1.0,50.0,0,1.0,1
40.0,2.0,20.0,1,205.0,29.0,0.0,50.0,0,1.0,0
43.0,1.0,21.0,0,4760.0,41.0,11.0,35.0,1,1.0,1
44.0,4.0,22.0,0,2435.0,53.0,0.0,40.0,1,1.0,0
52.0,6.0,16.0,1,440.0,56.0,1.0,84.0,0,1.0,1
31.0,3.0,19.0,1,3930.0,56.0,0.0,30.0,1,1.0,0
22.0,1.0,16.0,1,4150.0,56.0,2.0,35.0,1,1.0,0
26.0,4.0,21.0,0,5220.0,207.0,0.0,40.0,0,6.0,0
19.0,4.0,16.0,0,5522.0,56.0,2.0,40.0,0,1.0,0
19.0,1.0,19.0,1,4030.0,26.0,0.0,30.0,1,1.0,0
48.0,1.0,19.0,0,4850.0,38.0,0.0,50.0,0,1.0,1
70.0,3.0,21.0,1,2205.0,38.0,0.0,8.0,0,1.0,1
62.0,6.0,19.0,1,205.0,56.0,1.0,1.0,1,1.0,0
31.0,1.0,21.0,1,1360.0,56.0,0.0,40.0,0,1.0,0
36.0,1.0,13.0,1,4030.0,56.0,1.0,30.0,1,1.0,0
76.0,1.0,21.0,1,9142.0,42.0,1.0,30.0,0,1.0,1
23.0,1.0,16.0,0,4055.0,56.0,2.0,28.0,1,1.0,0
53.0,4.0,16.0,1,2300.0,31.0,1.0,50.0,1,1.0,0
45.0,1.0,14.0,0,5240.0,30.0,0.0,25.0,0,1.0,1
63.0,1.0,20.0,1,20.0,20.0,1.0,60.0,1,1.0,0
31.0,1.0,21.0,1,1430.0,31.0,0.0,45.0,0,1.0,0
47.0,5.0,16.0,0,9130.0,56.0,0.0,70.0,1,1.0,0
42.0,3.0,21.0,1,1108.0,41.0,1.0,40.0,1,1.0,1
38.0,3.0,21.0,0,2205.0,6.0,0.0,55.0,0,1.0,1
36.0,1.0,16.0,0,800.0,56.0,2.0,30.0,1,1.0,1
46.0,1.0,20.0,0,9130.0,46.0,0.0,45.0,0,1.0,1
27.0,7.0,18.0,1,9130.0,56.0,1.0,40.0,0,1.0,0
26.0,1.0,21.0,1,3322.0,49.0,1.0,9.0,1,1.0,0
44.0,1.0,18.0,1,6200.0,31.0,1.0,50.0,0,1.0,1
39.0,3.0,22.0,1,2310.0,48.0,0.0,50.0,1,1.0,1
52.0,1.0,14.0,0,6260.0,35.0,13.0,40.0,0,1.0,0
61.0,1.0,17.0,1,1555.0,56.0,0.0,50.0,0,1.0,0
76.0,7.0,19.0,1,205.0,56.0,1.0,40.0,1,1.0,1
38.0,7.0,21.0,1,440.0,56.0,1.0,30.0,1,1.0,1
65.0,1.0,14.0,1,4220.0,18.0,0.0,14.0,1,1.0,0
39.0,3.0,19.0,1,2545.0,56.0,0.0,35.0,1,1.0,0
62.0,2.0,22.0,1,4810.0,56.0,0.0,30.0,0,1.0,1
55.0,1.0,16.0,1,5740.0,56.0,0.0,41.0,1,1.0,0
34.0,1.0,22.0,1,4940.0,362.0,0.0,12.0,1,1.0,0
63.0,3.0,20.0,1,3255.0,34.0,0.0,44.0,1,1.0,1
47.0,1.0,21.0,1,3255.0,56.0,0.0,45.0,1,1.0,1
55.0,1.0,21.0,1,2310.0,56.0,1.0,40.0,1,1.0,0
59.0,2.0,20.0,0,4220.0,46.0,0.0,30.0,0,1.0,0
31.0,1.0,22.0,1,110.0,17.0,0.0,60.0,0,1.0,0
51.0,3.0,19.0,1,6200.0,56.0,1.0,45.0,0,1.0,1
43.0,1.0,20.0,1,3655.0,6.0,0.0,40.0,1,1.0,0
63.0,7.0,16.0,0,4810.0,31.0,15.0,35.0,0,1.0,1
28.0,1.0,18.0,1,8990.0,56.0,1.0,60.0,0,1.0,0
45.0,7.0,21.0,1,3050.0,56.0,1.0,57.0,0,1.0,0
35.0,3.0,21.0,1,2350.0,56.0,1.0,40.0,1,1.0,1
43.0,3.0,19.0,1,2205.0,313.0,0.0,55.0,0,1.0,1
41.0,1.0,20.0,0,3323.0,39.0,0.0,40.0,1,1.0,1
59.0,7.0,23.0,1,2100.0,147.0,0.0,45.0,0,1.0,1
72.0,7.0,21.0,0,205.0,56.0,0.0,40.0,1,1.0,0
61.0,4.0,20.0,1,3255.0,139.0,0.0,40.0,0,1.0,1
51.0,3.0,18.0,0,8990.0,56.0,0.0,40.0,1,1.0,1
24.0,4.0,21.0,1,2350.0,8.0,1.0,40.0,1,1.0,0
58.0,2.0,18.0,0,230.0,56.0,0.0,40.0,0,1.0,0
55.0,2.0,20.0,1,3220.0,6.0,0.0,30.0,1,1.0,0
26.0,1.0,16.0,1,9005.0,56.0,0.0,40.0,0,1.0,1
48.0,1.0,22.0,1,3160.0,39.0,1.0,35.0,1,1.0,1
53.0,1.0,16.0,1,7340.0,56.0,1.0,40.0,0,1.0,0
60.0,1.0,21.0,0,1530.0,34.0,0.0,60.0,0,1.0,1
30.0,1.0,16.0,0,6200.0,56.0,0.0,50.0,0,1.0,1
39.0,1.0,11.0,1,6050.0,16.0,1.0,40.0,0,1.0,0
32.0,1.0,16.0,1,4040.0,6.0,0.0,40.0,1,1.0,0
36.0,1.0,19.0,0,4110.0,46.0,0.0,35.0,0,1.0,0
55.0,4.0,21.0,1,2170.0,56.0,1.0,40.0,0,1.0,1
25.0,1.0,19.0,0,6050.0,56.0,2.0,40.0,0,1.0,0
29.0,1.0,19.0,1,8740.0,56.0,1.0,10.0,1,1.0,0
52.0,4.0,18.0,1,800.0,56.0,0.0,45.0,1,1.0,0
42.0,4.0,15.0,0,4220.0,56.0,2.0,40.0,0,1.0,0
53.0,1.0,19.0,1,440.0,30.0,1.0,50.0,0,1.0,1
29.0,4.0,18.0,1,2830.0,2.0,1.0,40.0,1,1.0,0
41.0,1.0,20.0,0,3300.0,53.0,0.0,45.0,0,1.0,0
45.0,1.0,21.0,1,3255.0,31.0,1.0,36.0,1,1.0,1
70.0,1.0,20.0,1,4760.0,6.0,1.0,26.0,1,1.0,0
56.0,3.0,22.0,1,2310.0,16.0,1.0,40.0,1,1.0,1
64.0,1.0,16.0,1,4760.0,56.0,0.0,40.0,0,1.0,1
30.0,1.0,21.0,0,2014.0,46.0,0.0,50.0,1,1.0,1
26.0,1.0,16.0,0,6200.0,56.0,12.0,80.0,0,1.0,1
52.0,1.0,16.0,1,9600.0,49.0,1.0,40.0,0,1.0,1
18.0,3.0,14.0,0,4220.0,56.0,2.0,15.0,1,1.0,0
68.0,3.0,19.0,1,4251.0,56.0,0.0,40.0,0,1.0,0
45.0,7.0,16.0,1,6360.0,42.0,0.0,40.0,0,1.0,1
67.0,3.0,21.0,1,9150.0,20.0,0.0,40.0,0,2.0,0
54.0,1.0,18.0,1,20.0,48.0,0.0,77.0,0,1.0,0
43.0,1.0,21.0,1,205.0,56.0,1.0,60.0,0,1.0,1
27.0,1.0,21.0,0,4965.0,12.0,17.0,40.0,1,9.0,1
50.0,1.0,21.0,1,8740.0,31.0,1.0,55.0,0,1.0,1
47.0,1.0,20.0,0,9210.0,56.0,0.0,48.0,0,1.0,1
62.0,1.0,16.0,0,7720.0,56.0,0.0,40.0,1,1.0,0
60.0,1.0,19.0,0,4700.0,48.0,0.0,40.0,1,1.0,0
59.0,3.0,19.0,0,120.0,56.0,0.0,40.0,1,1.0,1
38.0,1.0,21.0,0,910.0,46.0,0.0,45.0,1,1.0,1
47.0,1.0,24.0,1,2205.0,30.0,1.0,45.0,0,1.0,1
46.0,1.0,21.0,1,5300.0,139.0,0.0,50.0,0,1.0,1
46.0,4.0,21.0,1,2011.0,39.0,1.0,40.0,1,1.0,0
31.0,1.0,22.0,1,9130.0,25.0,17.0,40.0,0,1.0,0
58.0,6.0,16.0,0,9130.0,30.0,0.0,40.0,0,1.0,1
37.0,1.0,16.0,0,9130.0,8.0,13.0,40.0,0,1.0,1
38.0,1.0,20.0,1,7020.0,56.0,1.0,40.0,0,1.0,1
24.0,1.0,22.0,0,910.0,26.0,0.0,40.0,1,3.0,1
54.0,1.0,16.0,1,9130.0,6.0,0.0,50.0,0,1.0,0
39.0,3.0,19.0,1,5740.0,56.0,0.0,40.0,1,3.0,0
53.0,1.0,16.0,1,7420.0,48.0,0.0,40.0,0,1.0,0
49.0,3.0,22.0,1,1822.0,29.0,0.0,37.0,1,1.0,1
20.0,1.0,19.0,0,9130.0,26.0,17.0,30.0,0,1.0,0
42.0,1.0,20.0,0,4760.0,12.0,0.0,60.0,1,1.0,0
20.0,1.0,16.0,0,6260.0,56.0,2.0,50.0,0,1.0,0
66.0,1.0,19.0,1,5630.0,40.0,0.0,60.0,1,1.0,0
42.0,3.0,19.0,1,2545.0,46.0,0.0,37.0,1,1.0,0
40.0,2.0,20.0,0,3255.0,56.0,13.0,40.0,1,1.0,1
48.0,1.0,16.0,0,9130.0,41.0,0.0,70.0,0,1.0,1
35.0,4.0,19.0,1,2014.0,39.0,0.0,39.0,1,1.0,0
66.0,3.0,22.0,1,2435.0,48.0,0.0,40.0,0,1.0,0
32.0,7.0,24.0,1,4760.0,56.0,2.0,30.0,1,1.0,0
26.0,1.0,17.0,0,4720.0,48.0,2.0,40.0,0,1.0,1
79.0,1.0,15.0,1,410.0,16.0,0.0,40.0,0,1.0,1
36.0,5.0,19.0,1,630.0,20.0,0.0,45.0,0,1.0,1
24.0,3.0,16.0,0,5165.0,56.0,13.0,40.0,0,3.0,0
60.0,1.0,20.0,0,3255.0,27.0,0.0,36.0,1,1.0,0
62.0,1.0,20.0,1,6800.0,48.0,1.0,40.0,0,1.0,1
56.0,1.0,19.0,1,10.0,31.0,1.0,45.0,1,1.0,0
40.0,3.0,21.0,0,2310.0,56.0,0.0,40.0,1,1.0,1
28.0,1.0,16.0,1,4040.0,46.0,0.0,30.0,1,1.0,0
25.0,1.0,17.0,1,9760.0,46.0,0.0,50.0,0,1.0,1
47.0,2.0,20.0,1,230.0,56.0,0.0,45.0,0,1.0,1
40.0,1.0,16.0,1,8140.0,56.0,1.0,50.0,0,1.0,1
33.0,1.0,20.0,1,6050.0,8.0,0.0,20.0,1,1.0,0
37.0,1.0,18.0,1,7340.0,32.0,1.0,45.0,0,1.0,1
53.0,3.0,22.0,1,2205.0,31.0,0.0,40.0,0,1.0,0
52.0,8.0,18.0,1,4720.0,16.0,0.0,40.0,1,1.0,0
57.0,3.0,17.0,0,4251.0,40.0,0.0,30.0,0,1.0,0
32.0,1.0,18.0,0,7150.0,37.0,0.0,40.0,0,1.0,1
63.0,1.0,20.0,0,5740.0,56.0,0.0,40.0,1,1.0,0
57.0,1.0,16.0,1,8610.0,38.0,0.0,48.0,0,1.0,1
56.0,1.0,21.0,0,4120.0,56.0,2.0,40.0,1,1.0,0
27.0,5.0,16.0,1,3603.0,56.0,1.0,40.0,1,1.0,0
43.0,3.0,22.0,1,230.0,20.0,0.0,40.0,0,1.0,1
52.0,2.0,24.0,1,3050.0,46.0,0.0,40.0,1,1.0,1
52.0,3.0,19.0,1,160.0,56.0,0.0,60.0,0,1.0,1
38.0,1.0,21.0,1,1360.0,8.0,0.0,50.0,0,1.0,1
19.0,5.0,16.0,1,7000.0,12.0,0.0,45.0,0,1.0,0
18.0,3.0,18.0,0,3960.0,56.0,17.0,30.0,1,1.0,0
38.0,1.0,19.0,1,9130.0,16.0,1.0,43.0,0,1.0,0
35.0,1.0,13.0,1,9265.0,56.0,1.0,40.0,0,1.0,0
37.0,4.0,20.0,1,820.0,56.0,1.0,40.0,1,1.0,0
67.0,6.0,21.0,1,630.0,34.0,1.0,40.0,1,1.0,0
52.0,6.0,12.0,1,7340.0,303.0,1.0,67.0,0,1.0,0
57.0,1.0,19.0,0,650.0,53.0,11.0,40.0,1,1.0,0
29.0,3.0,21.0,0,2435.0,56.0,0.0,28.0,1,1.0,0
35.0,1.0,16.0,0,4020.0,42.0,2.0,20.0,0,1.0,0
26.0,7.0,16.0,0,7210.0,56.0,13.0,90.0,0,1.0,0
40.0,3.0,16.0,0,440.0,56.0,13.0,40.0,0,3.0,0
38.0,3.0,22.0,1,2002.0,56.0,1.0,50.0,0,1.0,1
42.0,5.0,19.0,1,5740.0,49.0,0.0,40.0,0,1.0,1
43.0,1.0,18.0,1,600.0,56.0,0.0,40.0,0,1.0,1
50.0,3.0,19.0,1,5521.0,32.0,0.0,40.0,1,1.0,1
60.0,3.0,22.0,1,2002.0,6.0,1.0,32.0,1,1.0,1
25.0,6.0,18.0,1,2360.0,20.0,0.0,4.0,1,9.0,0
51.0,1.0,19.0,0,340.0,164.0,0.0,40.0,1,1.0,0
70.0,6.0,16.0,1,8740.0,56.0,0.0,4.0,0,1.0,0
68.0,2.0,22.0,0,350.0,8.0,0.0,45.0,1,1.0,1
65.0,1.0,12.0,1,9760.0,18.0,0.0,25.0,0,1.0,0
34.0,1.0,22.0,1,800.0,49.0,0.0,45.0,0,1.0,1
56.0,2.0,23.0,1,2040.0,301.0,0.0,50.0,1,1.0,0
29.0,2.0,19.0,1,7020.0,56.0,1.0,50.0,0,1.0,1
23.0,1.0,19.0,0,4200.0,32.0,12.0,35.0,1,1.0,0
59.0,1.0,16.0,1,440.0,8.0,1.0,40.0,1,1.0,1
31.0,1.0,20.0,1,7220.0,19.0,1.0,65.0,0,1.0,1
61.0,1.0,19.0,1,8740.0,49.0,1.0,45.0,0,1.0,1
75.0,2.0,17.0,0,2545.0,26.0,6.0,32.0,1,9.0,1
50.0,1.0,18.0,1,6250.0,56.0,0.0,40.0,0,3.0,0
68.0,6.0,17.0,1,4540.0,30.0,1.0,84.0,0,1.0,0
36.0,1.0,16.0,0,4750.0,373.0,0.0,55.0,0,2.0,0
55.0,1.0,15.0,1,4710.0,303.0,1.0,40.0,0,1.0,1
52.0,2.0,19.0,1,630.0,6.0,0.0,40.0,1,1.0,0
42.0,8.0,16.0,1,5120.0,56.0,0.0,40.0,1,1.0,0
65.0,1.0,16.0,1,6850.0,56.0,0.0,40.0,0,7.0,1
46.0,1.0,18.0,0,3500.0,56.0,2.0,40.0,1,1.0,1
62.0,4.0,18.0,1,640.0,56.0,1.0,40.0,1,1.0,0
47.0,4.0,24.0,1,2205.0,56.0,1.0,40.0,1,1.0,1
56.0,1.0,17.0,0,4020.0,5.0,0.0,35.0,0,1.0,0
30.0,6.0,21.0,1,205.0,301.0,0.0,40.0,0,1.0,1
57.0,1.0,16.0,1,5860.0,29.0,0.0,40.0,1,1.0,0
55.0,4.0,16.0,1,4230.0,6.0,0.0,40.0,1,9.0,0
58.0,3.0,20.0,1,1970.0,56.0,1.0,40.0,0,1.0,1
52.0,1.0,21.0,1,5740.0,56.0,1.0,16.0,1,1.0,0
67.0,1.0,16.0,0,9130.0,25.0,0.0,40.0,1,1.0,0
33.0,1.0,15.0,1,6850.0,313.0,0.0,40.0,0,1.0,0
25.0,1.0,22.0,1,2001.0,53.0,1.0,40.0,1,1.0,1
51.0,1.0,16.0,1,4020.0,32.0,0.0,40.0,1,1.0,0
37.0,4.0,20.0,1,820.0,56.0,1.0,40.0,1,1.0,0
31.0,3.0,23.0,0,3090.0,56.0,0.0,60.0,0,1.0,1
44.0,1.0,16.0,0,4760.0,56.0,0.0,55.0,0,1.0,1
68.0,7.0,21.0,0,4010.0,116.0,0.0,10.0,0,1.0,1
58.0,4.0,19.0,0,230.0,17.0,15.0,55.0,1,1.0,1
35.0,1.0,21.0,1,1460.0,56.0,0.0,80.0,0,3.0,1
18.0,1.0,19.0,0,4740.0,8.0,17.0,10.0,1,2.0,0
81.0,1.0,16.0,1,5850.0,8.0,1.0,20.0,1,1.0,0
39.0,1.0,20.0,0,3255.0,30.0,0.0,36.0,1,1.0,1
53.0,3.0,16.0,0,4220.0,27.0,0.0,40.0,1,1.0,1
62.0,4.0,20.0,1,5120.0,56.0,0.0,45.0,1,1.0,1
35.0,1.0,19.0,1,7410.0,56.0,1.0,50.0,0,1.0,1
53.0,7.0,24.0,1,2100.0,56.0,0.0,40.0,0,1.0,1
43.0,3.0,20.0,1,4220.0,56.0,0.0,40.0,0,3.0,0
37.0,1.0,23.0,1,3100.0,56.0,1.0,80.0,0,1.0,1
62.0,1.0,18.0,1,4710.0,56.0,0.0,45.0,1,1.0,0
41.0,1.0,21.0,0,5165.0,55.0,0.0,40.0,1,1.0,1
31.0,1.0,19.0,1,4110.0,30.0,1.0,4.0,1,1.0,0
60.0,1.0,20.0,0,440.0,56.0,0.0,40.0,1,1.0,1
54.0,1.0,17.0,1,7315.0,56.0,0.0,40.0,0,1.0,0
66.0,1.0,18.0,1,4850.0,20.0,0.0,32.0,0,1.0,1
64.0,6.0,21.0,1,4850.0,6.0,1.0,10.0,1,1.0,0
45.0,1.0,16.0,1,9620.0,56.0,0.0,45.0,0,1.0,0
34.0,1.0,21.0,1,440.0,56.0,1.0,50.0,1,8.0,0
38.0,2.0,22.0,1,230.0,38.0,0.0,50.0,0,1.0,1
56.0,1.0,16.0,1,9130.0,56.0,0.0,84.0,0,1.0,0
34.0,6.0,16.0,1,4621.0,56.0,1.0,15.0,1,1.0,0
31.0,5.0,17.0,0,5940.0,56.0,15.0,40.0,0,1.0,1
34.0,2.0,22.0,0,3230.0,31.0,0.0,40.0,1,1.0,1
38.0,6.0,16.0,1,4655.0,56.0,1.0,40.0,0,5.0,1
46.0,3.0,21.0,1,2310.0,56.0,0.0,40.0,1,1.0,1
51.0,3.0,21.0,1,2320.0,30.0,0.0,40.0,0,1.0,1
20.0,1.0,16.0,0,8140.0,8.0,2.0,40.0,0,1.0,0
61.0,1.0,18.0,0,3401.0,46.0,0.0,65.0,1,1.0,1
54.0,4.0,21.0,1,2310.0,8.0,1.0,50.0,1,1.0,1
61.0,4.0,16.0,1,5000.0,30.0,1.0,45.0,1,1.0,0
40.0,1.0,19.0,1,3603.0,56.0,0.0,40.0,1,1.0,0
63.0,1.0,16.0,1,5740.0,56.0,0.0,40.0,1,1.0,0
39.0,8.0,19.0,0,4350.0,31.0,13.0,75.0,0,1.0,0
51.0,1.0,20.0,1,9005.0,49.0,0.0,40.0,0,1.0,1
52.0,1.0,19.0,1,5120.0,19.0,1.0,40.0,1,1.0,1
61.0,7.0,16.0,1,3500.0,56.0,0.0,24.0,1,1.0,1
46.0,1.0,18.0,1,9645.0,56.0,0.0,40.0,1,1.0,0
70.0,1.0,19.0,1,5000.0,8.0,0.0,40.0,0,1.0,1
68.0,1.0,21.0,1,4760.0,46.0,1.0,40.0,0,1.0,1
40.0,3.0,19.0,0,440.0,56.0,0.0,40.0,1,3.0,1
40.0,2.0,22.0,1,3160.0,49.0,0.0,40.0,1,1.0,1
56.0,1.0,16.0,0,9620.0,46.0,0.0,46.0,0,1.0,0
63.0,3.0,21.0,0,2310.0,316.0,0.0,46.0,1,3.0,1
50.0,1.0,16.0,1,6305.0,30.0,0.0,42.0,0,1.0,1
24.0,1.0,16.0,1,4220.0,39.0,1.0,40.0,0,1.0,0
33.0,1.0,19.0,1,2310.0,29.0,0.0,1.0,1,1.0,0
45.0,4.0,18.0,1,9005.0,31.0,1.0,40.0,0,1.0,0
47.0,3.0,20.0,1,2545.0,49.0,0.0,32.0,1,1.0,0
23.0,1.0,19.0,1,4110.0,56.0,9.0,35.0,1,1.0,0
50.0,1.0,20.0,0,6260.0,27.0,0.0,40.0,0,1.0,0
60.0,1.0,17.0,0,9130.0,30.0,0.0,80.0,0,9.0,1
43.0,6.0,16.0,1,3602.0,16.0,1.0,40.0,1,1.0,0
74.0,7.0,17.0,1,8450.0,49.0,0.0,50.0,0,1.0,1
44.0,5.0,19.0,1,9005.0,20.0,1.0,45.0,0,1.0,1
50.0,3.0,21.0,1,2320.0,8.0,1.0,40.0,1,1.0,1
63.0,7.0,18.0,1,440.0,46.0,0.0,45.0,0,1.0,1
52.0,2.0,21.0,1,5740.0,30.0,1.0,9.0,1,1.0,0
39.0,1.0,20.0,1,4435.0,56.0,1.0,30.0,1,1.0,0
50.0,4.0,22.0,0,2330.0,6.0,0.0,40.0,1,1.0,1
55.0,1.0,16.0,0,9130.0,31.0,0.0,55.0,0,1.0,1
18.0,1.0,16.0,0,4150.0,8.0,17.0,15.0,1,1.0,0
18.0,1.0,14.0,0,4220.0,4.0,2.0,16.0,0,1.0,0
27.0,1.0,18.0,1,4700.0,31.0,1.0,40.0,1,1.0,0
31.0,1.0,19.0,1,4710.0,56.0,0.0,45.0,0,1.0,1
54.0,1.0,19.0,1,3421.0,18.0,1.0,40.0,0,1.0,1
73.0,6.0,18.0,1,4600.0,56.0,1.0,20.0,1,1.0,0
37.0,6.0,21.0,1,710.0,20.0,0.0,50.0,0,1.0,1
57.0,1.0,19.0,1,9410.0,49.0,0.0,40.0,0,1.0,1
39.0,1.0,16.0,1,9650.0,48.0,1.0,45.0,0,1.0,1
36.0,1.0,16.0,1,4760.0,38.0,0.0,20.0,1,1.0,0
60.0,3.0,22.0,1,2320.0,56.0,1.0,45.0,0,1.0,1
30.0,1.0,21.0,1,3322.0,49.0,1.0,40.0,0,1.0,1
55.0,1.0,17.0,0,4700.0,56.0,13.0,45.0,1,1.0,1
52.0,2.0,18.0,1,5120.0,27.0,1.0,45.0,1,1.0,0
33.0,1.0,18.0,1,9130.0,42.0,1.0,70.0,0,1.0,1
79.0,2.0,19.0,1,5740.0,56.0,1.0,30.0,1,1.0,0
39.0,6.0,19.0,1,5120.0,17.0,0.0,40.0,1,1.0,0
60.0,1.0,16.0,1,9650.0,56.0,0.0,55.0,0,1.0,0
56.0,1.0,18.0,1,940.0,17.0,0.0,32.0,1,1.0,0
52.0,6.0,19.0,1,3630.0,56.0,1.0,30.0,1,1.0,0
56.0,4.0,21.0,1,440.0,24.0,0.0,40.0,0,1.0,1
52.0,1.0,17.0,0,710.0,49.0,0.0,40.0,0,1.0,0
63.0,1.0,17.0,0,4220.0,139.0,0.0,8.0,1,1.0,0
42.0,1.0,16.0,1,4020.0,303.0,17.0,40.0,0,1.0,0
66.0,1.0,17.0,1,6305.0,27.0,1.0,40.0,0,1.0,0
26.0,1.0,16.0,0,6515.0,56.0,7.0,40.0,0,3.0,0
56.0,4.0,18.0,1,6730.0,49.0,0.0,48.0,0,1.0,0
41.0,1.0,20.0,1,3640.0,56.0,1.0,35.0,1,8.0,0
40.0,1.0,20.0,0,150.0,32.0,12.0,20.0,1,1.0,0
63.0,1.0,19.0,1,4710.0,31.0,0.0,40.0,0,1.0,1
37.0,7.0,22.0,0,420.0,56.0,0.0,40.0,1,1.0,1
33.0,6.0,21.0,1,2360.0,56.0,1.0,40.0,1,1.0,0
42.0,2.0,22.0,1,2310.0,31.0,1.0,40.0,0,1.0,1
34.0,1.0,19.0,1,9645.0,8.0,0.0,40.0,1,1.0,0
30.0,1.0,19.0,1,5110.0,6.0,0.0,40.0,1,1.0,0
73.0,2.0,22.0,1,2205.0,9.0,0.0,12.0,0,1.0,1
34.0,2.0,21.0,0,2722.0,26.0,0.0,40.0,0,1.0,1
54.0,7.0,16.0,1,6355.0,46.0,0.0,60.0,0,1.0,1
52.0,6.0,19.0,1,220.0,6.0,1.0,72.0,1,8.0,0
32.0,1.0,21.0,1,5000.0,1.0,1.0,35.0,1,1.0,0
51.0,2.0,15.0,0,4220.0,32.0,10.0,6.0,0,1.0,0
81.0,1.0,20.0,0,9030.0,31.0,0.0,40.0,0,1.0,0
33.0,6.0,16.0,0,6230.0,6.0,13.0,35.0,0,1.0,0
72.0,7.0,20.0,0,4920.0,13.0,0.0,40.0,1,1.0,1
57.0,1.0,20.0,0,9645.0,110.0,0.0,49.0,1,1.0,0
37.0,4.0,22.0,1,1610.0,6.0,0.0,40.0,1,1.0,0
51.0,2.0,20.0,1,3255.0,53.0,1.0,40.0,1,1.0,1
24.0,1.0,19.0,1,4010.0,55.0,1.0,35.0,1,1.0,0
42.0,1.0,16.0,1,220.0,56.0,1.0,40.0,0,1.0,1
31.0,1.0,19.0,0,5240.0,13.0,12.0,40.0,1,1.0,0
73.0,1.0,19.0,0,440.0,46.0,0.0,40.0,0,1.0,0
50.0,6.0,16.0,1,440.0,6.0,1.0,45.0,0,1.0,0
37.0,1.0,24.0,1,2205.0,31.0,1.0,50.0,0,1.0,1
51.0,1.0,18.0,0,9130.0,56.0,0.0,45.0,0,1.0,1
55.0,4.0,20.0,1,565.0,56.0,1.0,40.0,0,1.0,0
39.0,1.0,18.0,1,1935.0,49.0,0.0,40.0,0,1.0,1
52.0,1.0,18.0,1,6442.0,31.0,1.0,40.0,0,1.0,0
53.0,5.0,21.0,1,750.0,8.0,0.0,26.0,1,1.0,0
65.0,1.0,19.0,1,4720.0,31.0,0.0,19.0,0,1.0,1
63.0,3.0,16.0,1,4220.0,16.0,1.0,16.0,0,1.0,0
47.0,1.0,19.0,1,5522.0,46.0,0.0,42.0,0,1.0,1
23.0,4.0,21.0,0,1745.0,56.0,0.0,40.0,0,1.0,0
28.0,2.0,20.0,1,420.0,36.0,1.0,40.0,1,1.0,0
34.0,1.0,19.0,1,6950.0,56.0,0.0,85.0,0,1.0,1
57.0,2.0,21.0,1,2205.0,8.0,0.0,50.0,1,1.0,1
37.0,1.0,21.0,1,705.0,49.0,1.0,54.0,0,1.0,0
38.0,1.0,21.0,1,2300.0,17.0,1.0,25.0,1,1.0,0
65.0,6.0,16.0,1,6050.0,56.0,1.0,40.0,0,1.0,0
40.0,1.0,17.0,1,20.0,56.0,0.0,50.0,0,1.0,1
52.0,1.0,19.0,1,9130.0,56.0,1.0,70.0,0,1.0,0
37.0,1.0,18.0,0,4110.0,56.0,0.0,48.0,0,1.0,0
23.0,5.0,21.0,0,3520.0,56.0,2.0,40.0,0,3.0,0
61.0,1.0,21.0,1,1520.0,56.0,0.0,40.0,0,1.0,1
51.0,6.0,11.0,1,7200.0,18.0,0.0,40.0,0,1.0,0
67.0,6.0,17.0,1,4540.0,53.0,1.0,84.0,0,1.0,0
20.0,1.0,19.0,1,3603.0,8.0,0.0,10.0,1,1.0,0
54.0,3.0,16.0,1,9122.0,56.0,0.0,28.0,1,1.0,0
52.0,1.0,19.0,1,8140.0,4.0,0.0,60.0,0,1.0,1
58.0,1.0,21.0,1,2002.0,49.0,0.0,36.0,0,1.0,1
56.0,1.0,18.0,1,4850.0,46.0,0.0,40.0,1,1.0,0
37.0,1.0,23.0,1,7750.0,17.0,1.0,45.0,0,1.0,0
37.0,3.0,21.0,1,1050.0,16.0,1.0,45.0,0,1.0,1
58.0,1.0,20.0,1,2632.0,31.0,1.0,40.0,1,1.0,0
29.0,1.0,19.0,1,1551.0,56.0,1.0,50.0,0,3.0,1
25.0,1.0,19.0,1,6050.0,56.0,0.0,50.0,0,1.0,0
93.0,1.0,22.0,0,20.0,46.0,0.0,50.0,0,1.0,1
31.0,1.0,17.0,0,20.0,26.0,0.0,55.0,0,1.0,1
48.0,1.0,19.0,1,5000.0,56.0,1.0,55.0,0,1.0,1
50.0,7.0,16.0,1,6305.0,55.0,0.0,70.0,0,1.0,1
54.0,3.0,19.0,1,9121.0,48.0,0.0,30.0,1,1.0,0
63.0,1.0,18.0,0,3500.0,30.0,0.0,40.0,1,1.0,1
46.0,5.0,16.0,1,9210.0,4.0,1.0,54.0,0,1.0,1
61.0,1.0,20.0,1,4720.0,4.0,1.0,38.0,1,1.0,0
57.0,1.0,21.0,1,800.0,16.0,1.0,40.0,1,1.0,1
38.0,6.0,19.0,1,5740.0,56.0,0.0,15.0,1,1.0,0
69.0,7.0,24.0,0,710.0,26.0,0.0,15.0,0,1.0,1
54.0,1.0,18.0,1,5740.0,31.0,0.0,40.0,1,1.0,0
65.0,3.0,21.0,1,3255.0,30.0,9.0,45.0,1,1.0,1
50.0,1.0,17.0,1,9130.0,46.0,0.0,50.0,0,1.0,1
54.0,1.0,20.0,0,4700.0,55.0,0.0,50.0,0,1.0,0
59.0,1.0,21.0,1,6200.0,134.0,0.0,40.0,0,1.0,1
41.0,1.0,22.0,1,2004.0,56.0,0.0,10.0,1,1.0,0
37.0,2.0,20.0,1,2545.0,40.0,1.0,40.0,1,1.0,0
28.0,1.0,22.0,1,910.0,56.0,0.0,40.0,0,1.0,1
23.0,1.0,19.0,1,440.0,56.0,0.0,38.0,1,1.0,0
65.0,1.0,16.0,1,5740.0,56.0,0.0,40.0,1,1.0,0
54.0,1.0,21.0,1,300.0,56.0,0.0,40.0,1,1.0,1
43.0,1.0,19.0,1,160.0,56.0,0.0,40.0,0,1.0,1
30.0,1.0,1.0,1,3602.0,56.0,1.0,38.0,1,1.0,0
39.0,2.0,22.0,0,420.0,56.0,0.0,45.0,1,1.0,1
65.0,1.0,19.0,1,4760.0,31.0,1.0,40.0,0,1.0,1
59.0,3.0,21.0,1,1360.0,6.0,0.0,40.0,0,1.0,0
67.0,1.0,18.0,1,3930.0,36.0,0.0,18.0,0,1.0,0
64.0,1.0,18.0,1,2360.0,55.0,1.0,40.0,0,1.0,0
34.0,1.0,16.0,1,5160.0,55.0,1.0,40.0,1,1.0,0
38.0,2.0,20.0,1,2006.0,56.0,1.0,40.0,1,1.0,0
20.0,1.0,16.0,0,4230.0,56.0,0.0,25.0,1,9.0,0
51.0,1.0,17.0,1,4760.0,12.0,1.0,40.0,0,1.0,0
68.0,4.0,16.0,1,2555.0,27.0,0.0,50.0,0,1.0,0
39.0,5.0,21.0,0,3421.0,6.0,0.0,40.0,1,1.0,0
64.0,2.0,21.0,1,350.0,26.0,0.0,40.0,0,1.0,1
60.0,1.0,21.0,1,910.0,30.0,1.0,40.0,0,1.0,1
51.0,1.0,19.0,0,440.0,39.0,0.0,45.0,0,1.0,0
28.0,4.0,21.0,1,5120.0,56.0,0.0,40.0,1,1.0,0
65.0,3.0,21.0,1,2310.0,55.0,0.0,28.0,1,1.0,0
69.0,6.0,22.0,1,6410.0,46.0,0.0,15.0,0,1.0,1
20.0,1.0,16.0,0,4760.0,8.0,13.0,40.0,1,1.0,0
48.0,1.0,17.0,1,7210.0,8.0,1.0,50.0,0,1.0,1
23.0,1.0,16.0,1,2360.0,56.0,1.0,42.0,0,1.0,0
57.0,5.0,20.0,1,1551.0,53.0,0.0,55.0,0,1.0,1
58.0,4.0,16.0,1,5000.0,31.0,1.0,45.0,1,1.0,0
32.0,3.0,22.0,1,3870.0,48.0,1.0,42.0,0,1.0,0
30.0,1.0,19.0,1,310.0,56.0,1.0,50.0,1,1.0,0
53.0,1.0,16.0,1,120.0,35.0,6.0,40.0,1,1.0,0
49.0,2.0,21.0,1,2310.0,55.0,0.0,50.0,0,1.0,1
63.0,1.0,16.0,1,4220.0,17.0,1.0,15.0,0,1.0,0
26.0,1.0,18.0,0,4760.0,56.0,0.0,45.0,0,1.0,0
36.0,1.0,20.0,1,8630.0,48.0,1.0,48.0,0,1.0,1
22.0,4.0,19.0,0,2545.0,32.0,13.0,20.0,1,1.0,0
47.0,1.0,18.0,1,9130.0,8.0,1.0,80.0,0,8.0,1
52.0,1.0,19.0,0,4030.0,31.0,0.0,40.0,1,1.0,0
25.0,5.0,20.0,1,3710.0,55.0,0.0,50.0,0,1.0,0
56.0,1.0,16.0,1,7240.0,56.0,0.0,40.0,0,1.0,1
53.0,3.0,21.0,1,2310.0,30.0,0.0,45.0,0,1.0,1
48.0,1.0,16.0,0,9130.0,36.0,0.0,40.0,0,1.0,0
53.0,6.0,18.0,1,7200.0,16.0,1.0,45.0,0,1.0,0
34.0,1.0,19.0,1,5120.0,56.0,0.0,40.0,1,1.0,1
54.0,5.0,21.0,1,4220.0,6.0,1.0,30.0,1,1.0,0
37.0,1.0,20.0,1,3310.0,56.0,0.0,12.0,1,1.0,0
55.0,1.0,20.0,1,5000.0,48.0,0.0,40.0,1,1.0,1
70.0,3.0,24.0,1,1760.0,19.0,0.0,2.0,0,1.0,1
62.0,4.0,21.0,0,7340.0,6.0,16.0,30.0,0,1.0,0
25.0,1.0,16.0,1,8990.0,56.0,0.0,40.0,0,1.0,0
62.0,1.0,16.0,1,4720.0,27.0,0.0,70.0,0,1.0,0
61.0,1.0,16.0,0,6305.0,30.0,0.0,40.0,0,1.0,0
48.0,6.0,20.0,1,4920.0,30.0,1.0,50.0,0,9.0,1
61.0,1.0,19.0,1,7020.0,56.0,0.0,40.0,0,1.0,1
29.0,1.0,16.0,1,4040.0,6.0,0.0,45.0,1,1.0,0
64.0,1.0,16.0,1,7220.0,32.0,0.0,40.0,0,1.0,1
59.0,1.0,19.0,1,6355.0,56.0,0.0,44.0,0,1.0,1
62.0,4.0,19.0,1,2360.0,56.0,1.0,40.0,1,1.0,0
41.0,1.0,19.0,1,8600.0,56.0,1.0,40.0,0,1.0,1
56.0,1.0,16.0,1,7700.0,31.0,1.0,40.0,0,1.0,1
45.0,1.0,21.0,1,4850.0,56.0,1.0,40.0,1,1.0,1
51.0,3.0,13.0,1,8990.0,31.0,1.0,40.0,0,1.0,0
55.0,2.0,19.0,1,5740.0,56.0,0.0,30.0,1,1.0,1
38.0,1.0,13.0,1,4230.0,56.0,1.0,40.0,1,1.0,0
53.0,1.0,22.0,1,2310.0,31.0,0.0,50.0,0,1.0,1
25.0,4.0,21.0,1,2310.0,6.0,1.0,40.0,1,1.0,0
67.0,2.0,23.0,1,2205.0,18.0,0.0,60.0,0,1.0,1
45.0,1.0,20.0,1,5860.0,8.0,0.0,40.0,1,1.0,0
53.0,4.0,21.0,1,9121.0,56.0,1.0,20.0,1,1.0,0
45.0,4.0,21.0,1,135.0,56.0,0.0,40.0,1,1.0,0
62.0,6.0,16.0,1,6050.0,56.0,1.0,80.0,1,1.0,1
30.0,6.0,20.0,1,205.0,56.0,1.0,60.0,0,1.0,0
34.0,3.0,21.0,1,2310.0,49.0,0.0,45.0,1,1.0,0
36.0,1.0,18.0,1,9130.0,56.0,0.0,50.0,0,1.0,1
63.0,3.0,19.0,1,3930.0,32.0,0.0,40.0,0,3.0,0
60.0,4.0,17.0,1,565.0,56.0,1.0,40.0,0,1.0,0
39.0,1.0,16.0,1,20.0,16.0,0.0,60.0,0,1.0,1
37.0,7.0,23.0,1,3010.0,301.0,1.0,36.0,0,1.0,1
56.0,2.0,19.0,1,5810.0,35.0,0.0,40.0,0,1.0,1
60.0,1.0,19.0,0,6260.0,56.0,0.0,40.0,0,5.0,0
55.0,1.0,19.0,0,3602.0,41.0,0.0,30.0,1,1.0,0
46.0,4.0,19.0,1,565.0,40.0,1.0,40.0,1,1.0,0
35.0,1.0,16.0,0,6800.0,16.0,0.0,45.0,0,1.0,1
53.0,3.0,22.0,1,2310.0,46.0,1.0,50.0,1,1.0,1
56.0,1.0,21.0,1,205.0,56.0,0.0,60.0,0,1.0,1
57.0,3.0,22.0,0,230.0,31.0,0.0,50.0,1,1.0,1
26.0,3.0,18.0,1,120.0,56.0,0.0,35.0,1,1.0,0
40.0,6.0,18.0,1,440.0,53.0,0.0,75.0,0,1.0,1
46.0,6.0,18.0,0,205.0,26.0,0.0,99.0,0,1.0,1
57.0,1.0,18.0,1,4700.0,27.0,0.0,40.0,1,1.0,0
54.0,4.0,16.0,0,3602.0,8.0,0.0,40.0,1,1.0,1
62.0,5.0,19.0,1,7640.0,31.0,0.0,56.0,0,9.0,1
23.0,1.0,18.0,0,6230.0,56.0,2.0,40.0,0,1.0,0
31.0,1.0,21.0,0,6355.0,56.0,2.0,30.0,0,1.0,1
30.0,1.0,16.0,0,8140.0,8.0,0.0,45.0,0,1.0,1
37.0,1.0,24.0,1,3100.0,55.0,1.0,80.0,0,1.0,1
42.0,1.0,21.0,0,2350.0,56.0,0.0,5.0,1,1.0,0
58.0,2.0,21.0,1,2310.0,31.0,0.0,16.0,1,1.0,0
22.0,1.0,20.0,0,6850.0,40.0,0.0,74.0,0,1.0,1
31.0,1.0,24.0,1,5240.0,1.0,0.0,40.0,0,1.0,1
64.0,6.0,16.0,1,4340.0,110.0,1.0,70.0,1,1.0,0
47.0,1.0,21.0,1,3421.0,17.0,0.0,42.0,1,1.0,0
51.0,2.0,16.0,1,5740.0,48.0,0.0,25.0,1,1.0,0
45.0,5.0,24.0,0,3050.0,16.0,13.0,40.0,0,1.0,1
19.0,1.0,19.0,0,5400.0,8.0,12.0,35.0,1,1.0,0
58.0,1.0,16.0,1,5610.0,31.0,1.0,28.0,1,1.0,0
76.0,1.0,17.0,1,9130.0,56.0,0.0,40.0,0,1.0,0
35.0,6.0,22.0,1,3261.0,32.0,0.0,40.0,1,1.0,0
46.0,1.0,16.0,1,440.0,56.0,1.0,50.0,0,1.0,1
65.0,1.0,15.0,1,4710.0,8.0,0.0,40.0,0,1.0,1
28.0,1.0,18.0,1,6950.0,56.0,0.0,85.0,0,1.0,1
31.0,1.0,24.0,0,4950.0,56.0,0.0,40.0,1,1.0,1
39.0,3.0,21.0,1,2310.0,12.0,0.0,50.0,1,1.0,1
45.0,5.0,21.0,1,3820.0,8.0,1.0,40.0,0,1.0,1
56.0,1.0,21.0,0,120.0,31.0,0.0,45.0,0,1.0,1
54.0,4.0,17.0,0,4110.0,19.0,16.0,18.0,0,1.0,0
32.0,3.0,22.0,1,2310.0,56.0,0.0,40.0,0,1.0,1
57.0,1.0,16.0,1,4850.0,56.0,1.0,50.0,0,1.0,1
29.0,1.0,19.0,0,4055.0,12.0,13.0,35.0,0,1.0,0
53.0,1.0,19.0,1,6950.0,56.0,1.0,17.0,0,3.0,0
55.0,1.0,20.0,1,4800.0,29.0,0.0,40.0,1,1.0,0
58.0,7.0,16.0,1,6230.0,56.0,1.0,40.0,0,1.0,1
47.0,6.0,21.0,1,2850.0,18.0,0.0,30.0,0,1.0,1
41.0,1.0,18.0,0,5000.0,56.0,0.0,40.0,0,1.0,0
71.0,3.0,16.0,0,5320.0,56.0,0.0,40.0,1,3.0,1
39.0,1.0,16.0,1,1530.0,56.0,0.0,40.0,0,1.0,1
43.0,2.0,21.0,1,2002.0,56.0,0.0,40.0,0,1.0,0
63.0,1.0,20.0,1,9130.0,56.0,1.0,4.0,0,1.0,0
28.0,1.0,16.0,1,4220.0,56.0,1.0,47.0,0,1.0,0
48.0,3.0,20.0,0,2545.0,56.0,2.0,40.0,1,3.0,0
37.0,1.0,18.0,0,7220.0,6.0,0.0,48.0,0,1.0,1
68.0,1.0,19.0,1,5330.0,31.0,1.0,24.0,1,1.0,0
19.0,6.0,18.0,0,4350.0,8.0,17.0,30.0,0,1.0,0
41.0,2.0,20.0,1,2014.0,46.0,1.0,60.0,1,1.0,0
56.0,5.0,16.0,1,5240.0,8.0,1.0,35.0,1,1.0,0
27.0,1.0,20.0,1,8140.0,31.0,0.0,45.0,0,1.0,1
58.0,1.0,18.0,1,7220.0,55.0,1.0,40.0,0,1.0,1
51.0,6.0,16.0,1,205.0,56.0,1.0,60.0,0,3.0,0
28.0,1.0,16.0,0,4720.0,8.0,2.0,38.0,0,1.0,0
54.0,7.0,21.0,1,800.0,8.0,1.0,80.0,0,1.0,1
48.0,2.0,22.0,1,1360.0,4.0,1.0,40.0,0,1.0,1
45.0,1.0,16.0,1,4010.0,17.0,0.0,38.0,1,1.0,0
38.0,4.0,24.0,0,230.0,6.0,0.0,60.0,0,1.0,1
45.0,4.0,21.0,1,5000.0,40.0,1.0,40.0,1,1.0,1
55.0,6.0,16.0,1,6050.0,56.0,1.0,20.0,1,1.0,0
43.0,6.0,18.0,1,5860.0,49.0,0.0,45.0,1,1.0,0
67.0,6.0,23.0,1,2100.0,56.0,1.0,50.0,0,1.0,1
59.0,4.0,22.0,1,2310.0,56.0,0.0,20.0,1,1.0,1
55.0,2.0,22.0,1,3230.0,27.0,1.0,40.0,1,1.0,1
57.0,1.0,16.0,1,20.0,25.0,1.0,50.0,0,1.0,1
47.0,1.0,20.0,1,960.0,20.0,0.0,45.0,1,1.0,0
61.0,1.0,18.0,0,5860.0,41.0,0.0,37.0,1,1.0,0
50.0,2.0,20.0,1,5740.0,8.0,1.0,20.0,1,1.0,0
38.0,1.0,20.0,1,9650.0,56.0,1.0,50.0,0,1.0,1
33.0,1.0,22.0,0,1006.0,56.0,0.0,40.0,1,1.0,1
47.0,6.0,22.0,1,4700.0,48.0,0.0,40.0,0,1.0,0
65.0,1.0,16.0,1,5610.0,31.0,1.0,40.0,0,1.0,1
32.0,4.0,18.0,1,3802.0,6.0,1.0,49.0,0,1.0,1
56.0,2.0,21.0,0,2310.0,27.0,0.0,40.0,0,1.0,1
22.0,1.0,20.0,0,310.0,56.0,0.0,30.0,0,1.0,0
39.0,1.0,17.0,1,9240.0,31.0,0.0,99.0,1,8.0,1
60.0,3.0,19.0,1,2310.0,19.0,1.0,40.0,1,1.0,0
37.0,4.0,18.0,1,350.0,56.0,1.0,40.0,1,1.0,0
49.0,3.0,19.0,1,8620.0,56.0,0.0,40.0,0,1.0,1
33.0,1.0,19.0,0,6260.0,56.0,2.0,30.0,0,1.0,1
73.0,7.0,22.0,1,205.0,56.0,1.0,40.0,1,1.0,1
62.0,1.0,16.0,0,9210.0,10.0,0.0,55.0,0,1.0,1
32.0,1.0,15.0,1,9610.0,303.0,1.0,40.0,1,1.0,0
35.0,1.0,18.0,1,6305.0,56.0,1.0,48.0,0,1.0,1
33.0,3.0,20.0,1,5120.0,56.0,1.0,20.0,1,1.0,0
67.0,1.0,16.0,1,9130.0,16.0,1.0,70.0,0,1.0,1
31.0,1.0,15.0,1,4220.0,303.0,0.0,30.0,1,8.0,0
45.0,1.0,21.0,0,9030.0,56.0,0.0,30.0,1,1.0,1
59.0,1.0,21.0,1,1750.0,16.0,0.0,40.0,0,1.0,1
39.0,1.0,16.0,1,9620.0,49.0,1.0,40.0,0,1.0,1
51.0,1.0,9.0,1,6305.0,313.0,0.0,50.0,0,1.0,0
45.0,7.0,23.0,1,3010.0,23.0,0.0,40.0,0,1.0,1
31.0,1.0,18.0,0,6515.0,26.0,0.0,40.0,0,1.0,0
31.0,1.0,19.0,1,5240.0,8.0,0.0,20.0,1,1.0,0
36.0,1.0,19.0,1,9650.0,49.0,1.0,99.0,0,1.0,0
61.0,1.0,16.0,1,6200.0,48.0,1.0,50.0,0,1.0,1
47.0,6.0,17.0,1,2830.0,4.0,9.0,40.0,1,1.0,0
29.0,1.0,21.0,1,5100.0,48.0,2.0,40.0,1,1.0,0
23.0,1.0,19.0,0,6260.0,6.0,12.0,50.0,0,1.0,0
62.0,3.0,18.0,1,4220.0,56.0,1.0,40.0,0,1.0,1
33.0,4.0,19.0,1,3930.0,31.0,0.0,49.0,1,1.0,0
48.0,7.0,21.0,1,7020.0,29.0,0.0,40.0,0,1.0,1
18.0,1.0,18.0,0,6305.0,8.0,17.0,40.0,0,1.0,0
59.0,1.0,20.0,1,1430.0,56.0,1.0,32.0,0,1.0,0
26.0,4.0,21.0,1,2310.0,26.0,0.0,40.0,0,1.0,0
56.0,5.0,17.0,1,7340.0,56.0,1.0,40.0,0,3.0,0
70.0,1.0,21.0,1,9130.0,6.0,1.0,50.0,0,1.0,0
36.0,1.0,21.0,0,20.0,8.0,13.0,60.0,0,1.0,1
51.0,7.0,16.0,1,4600.0,30.0,0.0,60.0,1,1.0,0
45.0,1.0,18.0,1,52.0,49.0,1.0,40.0,0,1.0,1
57.0,1.0,16.0,1,4010.0,56.0,1.0,40.0,1,1.0,0
41.0,1.0,16.0,0,3603.0,56.0,0.0,36.0,1,1.0,0
42.0,4.0,21.0,1,3840.0,16.0,0.0,50.0,0,1.0,1
40.0,4.0,24.0,1,2545.0,207.0,12.0,40.0,0,6.0,0
64.0,1.0,16.0,0,4110.0,39.0,0.0,25.0,1,1.0,0
56.0,1.0,20.0,1,3255.0,46.0,1.0,16.0,1,1.0,0
60.0,7.0,18.0,1,6355.0,56.0,1.0,40.0,0,1.0,1
38.0,5.0,21.0,1,101.0,48.0,0.0,40.0,1,1.0,1
58.0,1.0,16.0,1,9240.0,56.0,0.0,40.0,0,1.0,1
34.0,3.0,20.0,1,3740.0,56.0,0.0,56.0,0,1.0,1
44.0,6.0,16.0,1,4920.0,51.0,0.0,55.0,1,1.0,1
40.0,2.0,20.0,1,2545.0,49.0,0.0,20.0,1,1.0,0
17.0,1.0,14.0,0,4055.0,56.0,2.0,25.0,1,1.0,0
44.0,1.0,21.0,1,230.0,46.0,0.0,45.0,0,1.0,1
42.0,3.0,22.0,1,2310.0,26.0,1.0,8.0,1,1.0,0
27.0,2.0,17.0,0,4020.0,56.0,0.0,65.0,1,1.0,0
57.0,3.0,17.0,1,2360.0,56.0,1.0,40.0,0,1.0,0
33.0,1.0,19.0,1,4720.0,2.0,1.0,42.0,1,1.0,0
40.0,7.0,18.0,1,6050.0,56.0,0.0,35.0,0,1.0,0
49.0,1.0,19.0,1,4530.0,48.0,1.0,40.0,0,1.0,1
53.0,2.0,19.0,1,420.0,56.0,0.0,25.0,1,1.0,0
20.0,1.0,19.0,0,9620.0,56.0,2.0,40.0,1,1.0,0
41.0,4.0,21.0,1,2015.0,31.0,1.0,40.0,0,1.0,0
59.0,7.0,19.0,0,3630.0,56.0,0.0,15.0,1,1.0,0
31.0,1.0,20.0,1,6950.0,56.0,0.0,40.0,0,1.0,1
49.0,1.0,21.0,0,1530.0,25.0,0.0,40.0,1,1.0,1
41.0,1.0,13.0,1,4220.0,46.0,0.0,30.0,0,1.0,0
50.0,1.0,19.0,1,5740.0,23.0,0.0,35.0,1,1.0,0
47.0,3.0,19.0,1,2001.0,56.0,0.0,40.0,0,3.0,0
44.0,2.0,16.0,1,1050.0,12.0,1.0,40.0,1,1.0,0
22.0,6.0,19.0,1,2830.0,56.0,1.0,30.0,0,1.0,0
51.0,1.0,19.0,0,5240.0,31.0,2.0,36.0,1,1.0,0
37.0,4.0,20.0,1,640.0,49.0,9.0,40.0,1,1.0,0
47.0,6.0,13.0,1,6260.0,6.0,0.0,30.0,0,1.0,0
68.0,5.0,24.0,1,1600.0,40.0,0.0,40.0,0,1.0,1
65.0,1.0,16.0,1,5600.0,35.0,0.0,43.0,0,1.0,1
28.0,1.0,18.0,0,9130.0,46.0,13.0,50.0,0,1.0,0
50.0,1.0,21.0,0,4710.0,26.0,0.0,40.0,1,1.0,1
74.0,6.0,16.0,1,205.0,31.0,0.0,50.0,1,1.0,0
54.0,1.0,22.0,1,960.0,6.0,0.0,60.0,0,1.0,1
61.0,1.0,21.0,1,4760.0,110.0,0.0,40.0,0,1.0,1
59.0,6.0,16.0,1,4350.0,56.0,0.0,40.0,1,1.0,0
33.0,1.0,21.0,0,3421.0,26.0,17.0,20.0,0,1.0,0
54.0,3.0,19.0,1,2435.0,46.0,1.0,40.0,1,1.0,1
28.0,4.0,21.0,0,2205.0,6.0,13.0,40.0,0,1.0,0
47.0,1.0,22.0,1,7000.0,49.0,1.0,48.0,0,1.0,1
24.0,3.0,20.0,1,2545.0,303.0,1.0,35.0,1,1.0,0
69.0,1.0,20.0,0,3255.0,56.0,0.0,40.0,0,1.0,1
28.0,1.0,19.0,1,1460.0,56.0,12.0,40.0,0,6.0,1
76.0,1.0,19.0,0,5860.0,40.0,0.0,7.0,1,1.0,1
26.0,1.0,19.0,0,4110.0,49.0,4.0,20.0,1,1.0,0
58.0,6.0,21.0,1,440.0,165.0,1.0,25.0,1,1.0,0
64.0,1.0,16.0,1,9130.0,56.0,0.0,40.0,0,1.0,1
68.0,7.0,19.0,1,7200.0,31.0,0.0,50.0,0,1.0,0
63.0,1.0,15.0,1,3300.0,8.0,0.0,40.0,0,9.0,0
69.0,1.0,21.0,0,4850.0,55.0,0.0,40.0,0,1.0,1
33.0,1.0,19.0,0,3930.0,8.0,0.0,40.0,0,1.0,0
68.0,1.0,17.0,1,4030.0,39.0,1.0,50.0,0,1.0,0
48.0,4.0,16.0,1,110.0,56.0,1.0,40.0,0,1.0,1
33.0,4.0,22.0,1,2310.0,19.0,0.0,50.0,0,1.0,1
23.0,1.0,16.0,0,6950.0,32.0,2.0,45.0,0,1.0,1
30.0,4.0,21.0,1,2850.0,4.0,0.0,45.0,0,1.0,1
46.0,7.0,16.0,1,8350.0,49.0,1.0,40.0,1,1.0,0
25.0,1.0,16.0,0,8740.0,6.0,13.0,80.0,0,1.0,1
17.0,6.0,14.0,0,6260.0,56.0,2.0,20.0,0,1.0,0
58.0,1.0,19.0,1,4110.0,56.0,1.0,29.0,1,1.0,0
52.0,5.0,21.0,1,710.0,20.0,1.0,40.0,0,1.0,1
47.0,4.0,18.0,1,6200.0,26.0,0.0,40.0,0,1.0,1
66.0,1.0,17.0,0,4810.0,56.0,0.0,40.0,1,1.0,1
46.0,1.0,21.0,0,910.0,4.0,13.0,40.0,1,1.0,1
37.0,1.0,21.0,1,6050.0,8.0,0.0,70.0,0,1.0,1
60.0,1.0,24.0,1,1530.0,36.0,0.0,25.0,1,1.0,1
37.0,1.0,21.0,1,440.0,56.0,0.0,50.0,0,1.0,1
18.0,1.0,14.0,0,4720.0,56.0,4.0,8.0,1,1.0,0
40.0,3.0,19.0,1,9150.0,56.0,1.0,40.0,0,1.0,1
30.0,1.0,21.0,1,3255.0,30.0,1.0,40.0,1,1.0,1
51.0,1.0,20.0,0,1555.0,30.0,0.0,90.0,0,1.0,1
38.0,1.0,19.0,1,7220.0,56.0,0.0,48.0,0,1.0,1
20.0,8.0,16.0,0,4600.0,30.0,10.0,20.0,1,1.0,0
61.0,1.0,16.0,0,4720.0,8.0,0.0,40.0,0,1.0,0
36.0,7.0,16.0,0,205.0,56.0,0.0,55.0,0,1.0,1
22.0,1.0,19.0,1,5240.0,56.0,1.0,25.0,1,1.0,0
35.0,1.0,21.0,1,2300.0,56.0,1.0,32.0,1,1.0,0
59.0,1.0,21.0,1,4950.0,17.0,0.0,60.0,0,1.0,1
46.0,1.0,19.0,1,9030.0,8.0,1.0,40.0,0,1.0,0
60.0,1.0,22.0,1,2002.0,30.0,0.0,40.0,0,1.0,1
44.0,1.0,20.0,1,7410.0,8.0,1.0,40.0,0,1.0,1
50.0,3.0,20.0,1,5740.0,56.0,0.0,40.0,1,3.0,0
57.0,1.0,23.0,1,2100.0,56.0,0.0,60.0,0,8.0,1
49.0,1.0,16.0,1,440.0,48.0,0.0,40.0,0,1.0,1
36.0,3.0,20.0,1,2545.0,56.0,0.0,40.0,1,1.0,0
35.0,1.0,22.0,1,2006.0,49.0,1.0,40.0,0,1.0,1
55.0,1.0,21.0,1,8610.0,56.0,1.0,60.0,0,1.0,1
58.0,3.0,13.0,1,2545.0,15.0,0.0,56.0,1,3.0,0
59.0,1.0,19.0,1,20.0,17.0,1.0,50.0,0,1.0,1
74.0,6.0,19.0,1,4810.0,56.0,0.0,3.0,0,1.0,1
55.0,5.0,20.0,0,120.0,38.0,0.0,50.0,0,1.0,1
68.0,1.0,18.0,0,6305.0,56.0,0.0,50.0,0,1.0,0
23.0,5.0,16.0,1,3710.0,13.0,0.0,45.0,1,2.0,0
69.0,7.0,24.0,0,2100.0,56.0,0.0,50.0,0,1.0,1
75.0,6.0,19.0,1,440.0,56.0,1.0,20.0,0,1.0,0
47.0,1.0,16.0,1,6950.0,46.0,0.0,40.0,0,1.0,1
74.0,1.0,21.0,1,1010.0,9.0,1.0,15.0,0,1.0,0
37.0,5.0,16.0,1,9830.0,233.0,0.0,40.0,0,6.0,1
38.0,1.0,18.0,0,9005.0,56.0,2.0,40.0,0,1.0,1
39.0,5.0,18.0,1,9830.0,46.0,0.0,42.0,0,1.0,1
17.0,8.0,14.0,0,6050.0,56.0,2.0,15.0,0,1.0,0
50.0,4.0,20.0,0,5740.0,27.0,0.0,40.0,1,1.0,0
41.0,1.0,16.0,0,4110.0,56.0,0.0,40.0,1,1.0,0
45.0,3.0,22.0,1,2310.0,56.0,1.0,40.0,1,1.0,1
32.0,5.0,20.0,1,3421.0,31.0,0.0,40.0,1,1.0,0
58.0,1.0,19.0,1,5120.0,56.0,0.0,20.0,0,1.0,0
37.0,1.0,18.0,1,1108.0,49.0,1.0,40.0,0,1.0,1
19.0,1.0,19.0,0,5740.0,56.0,17.0,12.0,1,1.0,0
55.0,6.0,20.0,0,6260.0,56.0,0.0,45.0,0,1.0,1
28.0,1.0,20.0,1,7210.0,48.0,0.0,45.0,0,1.0,1
51.0,4.0,19.0,1,5740.0,215.0,1.0,40.0,1,1.0,0
19.0,1.0,18.0,1,4720.0,56.0,12.0,40.0,1,1.0,0
60.0,4.0,21.0,1,120.0,48.0,1.0,40.0,1,1.0,1
29.0,1.0,21.0,1,7700.0,56.0,0.0,42.0,0,1.0,0
53.0,1.0,17.0,0,6230.0,56.0,0.0,40.0,0,1.0,0
48.0,1.0,16.0,1,440.0,40.0,1.0,50.0,0,1.0,1
32.0,1.0,18.0,1,1555.0,56.0,1.0,42.0,0,1.0,1
50.0,4.0,19.0,0,2360.0,56.0,0.0,50.0,1,1.0,1
51.0,8.0,1.0,1,6050.0,56.0,0.0,60.0,0,1.0,0
46.0,4.0,22.0,1,2320.0,30.0,1.0,40.0,1,1.0,1
66.0,6.0,21.0,1,440.0,46.0,0.0,55.0,0,1.0,0
45.0,1.0,19.0,0,4700.0,4.0,0.0,40.0,1,1.0,0
66.0,1.0,22.0,1,3258.0,18.0,1.0,40.0,1,1.0,1
37.0,1.0,12.0,1,6200.0,40.0,1.0,80.0,0,1.0,1
49.0,6.0,22.0,1,2006.0,54.0,1.0,40.0,1,1.0,0
46.0,1.0,19.0,1,5330.0,8.0,0.0,60.0,1,1.0,0
56.0,7.0,19.0,1,4465.0,8.0,0.0,50.0,0,1.0,1
46.0,3.0,16.0,1,4251.0,31.0,15.0,40.0,0,1.0,0
34.0,1.0,19.0,1,4700.0,49.0,1.0,26.0,1,1.0,0
66.0,1.0,19.0,0,5340.0,56.0,0.0,24.0,1,1.0,0
68.0,1.0,19.0,1,4760.0,27.0,0.0,20.0,0,1.0,0
53.0,5.0,20.0,1,3255.0,55.0,1.0,40.0,0,1.0,1
49.0,6.0,18.0,1,220.0,38.0,0.0,40.0,0,1.0,1
60.0,6.0,16.0,0,4600.0,56.0,0.0,35.0,1,1.0,0
29.0,1.0,16.0,1,5240.0,56.0,1.0,40.0,1,1.0,0
38.0,1.0,18.0,1,5120.0,56.0,1.0,2.0,1,1.0,0
36.0,1.0,18.0,1,5000.0,31.0,1.0,45.0,0,1.0,1
24.0,3.0,19.0,0,4230.0,56.0,7.0,40.0,1,3.0,0
38.0,1.0,20.0,1,8600.0,49.0,1.0,40.0,0,1.0,1
31.0,3.0,22.0,1,2310.0,56.0,1.0,40.0,1,1.0,1
50.0,3.0,16.0,1,3870.0,6.0,0.0,40.0,1,1.0,1
19.0,1.0,18.0,0,6260.0,15.0,17.0,40.0,0,1.0,0
34.0,1.0,18.0,1,9130.0,8.0,1.0,40.0,1,1.0,0
56.0,4.0,20.0,0,1560.0,6.0,0.0,40.0,0,1.0,0
58.0,1.0,16.0,1,9130.0,30.0,0.0,84.0,0,1.0,0
42.0,3.0,16.0,0,3605.0,16.0,13.0,40.0,0,3.0,0
43.0,1.0,18.0,1,7750.0,39.0,0.0,40.0,0,1.0,0
51.0,1.0,16.0,0,4700.0,56.0,13.0,40.0,0,1.0,0
45.0,1.0,19.0,1,6800.0,48.0,1.0,84.0,0,1.0,1
59.0,1.0,16.0,1,4220.0,6.0,0.0,40.0,0,1.0,0
59.0,1.0,19.0,1,4700.0,19.0,0.0,40.0,1,1.0,0
39.0,6.0,22.0,1,2006.0,56.0,1.0,50.0,1,1.0,1
61.0,7.0,16.0,1,4700.0,31.0,0.0,40.0,0,1.0,1
23.0,5.0,18.0,0,1555.0,26.0,12.0,40.0,0,1.0,0
41.0,6.0,20.0,1,6230.0,56.0,1.0,40.0,0,1.0,0
52.0,1.0,18.0,0,6520.0,56.0,0.0,50.0,0,1.0,1
68.0,2.0,19.0,0,5740.0,27.0,0.0,48.0,1,1.0,1
53.0,1.0,19.0,1,7800.0,18.0,0.0,40.0,1,9.0,0
60.0,1.0,19.0,1,7700.0,56.0,0.0,50.0,0,1.0,1
26.0,3.0,21.0,1,2545.0,303.0,0.0,40.0,0,1.0,0
18.0,1.0,16.0,0,4110.0,49.0,0.0,40.0,1,1.0,0
47.0,1.0,19.0,1,5610.0,56.0,1.0,40.0,1,1.0,0
57.0,1.0,19.0,0,4010.0,48.0,0.0,5.0,1,1.0,0
61.0,6.0,18.0,1,1031.0,42.0,1.0,20.0,1,1.0,0
59.0,1.0,16.0,1,20.0,8.0,0.0,50.0,0,1.0,1
47.0,1.0,9.0,1,6800.0,303.0,0.0,40.0,0,1.0,1
18.0,1.0,17.0,0,6260.0,56.0,0.0,60.0,0,9.0,1
40.0,6.0,19.0,1,205.0,56.0,1.0,50.0,0,1.0,0
68.0,2.0,21.0,1,230.0,20.0,1.0,40.0,0,1.0,1
24.0,1.0,20.0,0,3255.0,6.0,0.0,40.0,1,1.0,1
27.0,1.0,19.0,0,6260.0,6.0,0.0,60.0,0,1.0,0
44.0,2.0,20.0,1,800.0,56.0,1.0,40.0,1,1.0,1
43.0,4.0,21.0,0,530.0,16.0,0.0,40.0,1,1.0,0
39.0,3.0,18.0,1,5220.0,56.0,1.0,40.0,1,3.0,1
39.0,1.0,20.0,1,5740.0,56.0,0.0,45.0,1,1.0,0
39.0,4.0,21.0,1,1360.0,56.0,0.0,40.0,0,1.0,0
65.0,3.0,22.0,1,3255.0,56.0,0.0,40.0,1,1.0,0
39.0,1.0,19.0,1,7430.0,49.0,0.0,48.0,0,1.0,1
56.0,1.0,17.0,1,6230.0,56.0,2.0,40.0,0,1.0,0
62.0,1.0,19.0,1,5160.0,66.0,0.0,45.0,1,1.0,1
57.0,1.0,19.0,1,6355.0,56.0,0.0,40.0,0,1.0,1
63.0,8.0,16.0,1,6050.0,8.0,1.0,24.0,1,1.0,0
40.0,2.0,20.0,0,2825.0,56.0,2.0,40.0,0,1.0,1
62.0,7.0,19.0,1,6355.0,56.0,1.0,50.0,1,1.0,0
29.0,4.0,20.0,1,3802.0,26.0,1.0,60.0,0,1.0,1
54.0,4.0,21.0,1,300.0,25.0,1.0,40.0,0,1.0,1
60.0,2.0,17.0,1,6260.0,49.0,0.0,25.0,0,1.0,0
49.0,2.0,16.0,1,9265.0,8.0,0.0,40.0,0,1.0,1
52.0,5.0,19.0,1,9645.0,31.0,1.0,40.0,0,1.0,0
56.0,1.0,16.0,1,5630.0,30.0,0.0,40.0,1,1.0,0
30.0,1.0,14.0,1,9130.0,8.0,1.0,40.0,0,1.0,0
35.0,4.0,22.0,0,2014.0,56.0,13.0,40.0,1,1.0,1
31.0,1.0,18.0,0,6305.0,56.0,0.0,40.0,0,1.0,1
61.0,2.0,21.0,1,1410.0,42.0,1.0,40.0,0,1.0,0
57.0,1.0,20.0,1,9650.0,56.0,1.0,40.0,0,3.0,1
59.0,6.0,17.0,1,205.0,46.0,0.0,21.0,0,1.0,0
70.0,1.0,16.0,1,4220.0,19.0,0.0,20.0,0,1.0,1
65.0,1.0,20.0,0,1310.0,20.0,0.0,36.0,0,1.0,1
58.0,1.0,16.0,1,5240.0,10.0,9.0,50.0,1,1.0,0
61.0,6.0,21.0,0,4200.0,56.0,0.0,25.0,0,1.0,1
27.0,5.0,20.0,0,5000.0,56.0,0.0,50.0,1,1.0,1
38.0,2.0,19.0,0,3258.0,56.0,12.0,40.0,1,1.0,1
31.0,1.0,19.0,1,4700.0,56.0,1.0,35.0,1,1.0,0
45.0,1.0,20.0,1,5110.0,32.0,0.0,45.0,1,1.0,0
72.0,1.0,19.0,1,9130.0,38.0,1.0,45.0,0,1.0,0
29.0,1.0,19.0,0,5240.0,56.0,2.0,40.0,1,1.0,0
49.0,1.0,21.0,1,9130.0,56.0,1.0,50.0,0,1.0,0
58.0,3.0,16.0,1,440.0,56.0,1.0,55.0,0,1.0,0
26.0,1.0,19.0,1,7560.0,46.0,0.0,40.0,0,1.0,0
52.0,2.0,13.0,0,4010.0,56.0,0.0,20.0,1,9.0,0
57.0,1.0,19.0,1,6950.0,29.0,1.0,40.0,0,1.0,1
38.0,4.0,16.0,1,7000.0,56.0,1.0,40.0,1,1.0,0
60.0,1.0,18.0,1,630.0,56.0,0.0,50.0,0,1.0,1
62.0,3.0,22.0,1,2310.0,31.0,0.0,40.0,0,1.0,1
50.0,1.0,17.0,0,9760.0,56.0,11.0,96.0,0,1.0,1
41.0,1.0,22.0,1,1360.0,56.0,1.0,40.0,0,1.0,1
46.0,4.0,24.0,1,2205.0,55.0,0.0,45.0,1,1.0,1
45.0,1.0,21.0,1,5120.0,17.0,0.0,40.0,1,1.0,0
20.0,1.0,19.0,0,4110.0,53.0,0.0,32.0,1,1.0,0
46.0,1.0,16.0,0,4760.0,8.0,2.0,40.0,0,1.0,1
61.0,2.0,21.0,0,2016.0,6.0,0.0,21.0,1,1.0,0
19.0,1.0,16.0,0,6050.0,56.0,0.0,40.0,0,1.0,0
34.0,1.0,19.0,1,6800.0,31.0,1.0,60.0,0,1.0,1
20.0,1.0,16.0,0,9610.0,46.0,17.0,20.0,0,1.0,0
33.0,1.0,16.0,1,6330.0,48.0,12.0,60.0,0,6.0,0
50.0,5.0,21.0,1,2016.0,56.0,1.0,40.0,1,1.0,1
56.0,1.0,16.0,1,4020.0,56.0,0.0,30.0,0,1.0,0
53.0,1.0,16.0,0,6825.0,18.0,0.0,40.0,0,1.0,0
35.0,1.0,21.0,1,3255.0,8.0,0.0,15.0,1,1.0,0
66.0,1.0,18.0,1,4020.0,55.0,0.0,50.0,1,1.0,0
50.0,1.0,16.0,1,4700.0,49.0,0.0,50.0,1,1.0,1
54.0,1.0,18.0,1,7220.0,48.0,1.0,40.0,0,1.0,1
50.0,2.0,21.0,1,2205.0,56.0,1.0,70.0,1,1.0,0
72.0,1.0,16.0,0,9130.0,48.0,0.0,24.0,0,1.0,0
23.0,3.0,19.0,1,6730.0,39.0,0.0,40.0,0,1.0,0
19.0,1.0,18.0,0,4760.0,139.0,17.0,40.0,1,1.0,0
30.0,1.0,14.0,0,4251.0,49.0,2.0,30.0,0,1.0,0
42.0,7.0,10.0,1,440.0,31.0,1.0,50.0,0,1.0,1
43.0,1.0,16.0,0,4720.0,56.0,2.0,15.0,1,1.0,0
43.0,3.0,19.0,1,4210.0,56.0,1.0,40.0,0,1.0,1
35.0,1.0,21.0,1,120.0,56.0,0.0,45.0,1,1.0,0
24.0,1.0,16.0,1,4110.0,56.0,1.0,1.0,1,1.0,0
37.0,6.0,22.0,1,4350.0,29.0,1.0,3.0,1,8.0,0
30.0,1.0,21.0,1,3322.0,30.0,1.0,25.0,1,1.0,0
18.0,6.0,18.0,0,4600.0,56.0,2.0,20.0,1,1.0,0
23.0,4.0,19.0,1,230.0,29.0,1.0,29.0,1,1.0,0
57.0,4.0,22.0,1,230.0,127.0,1.0,55.0,1,1.0,1
39.0,1.0,17.0,1,6530.0,56.0,0.0,40.0,0,1.0,0
22.0,2.0,19.0,0,2310.0,56.0,0.0,25.0,1,1.0,0
72.0,6.0,21.0,1,4920.0,55.0,1.0,50.0,1,1.0,1
30.0,1.0,22.0,0,1520.0,103.0,0.0,40.0,0,1.0,1
30.0,4.0,20.0,1,3603.0,56.0,1.0,24.0,1,1.0,0
50.0,3.0,20.0,1,2310.0,56.0,0.0,35.0,0,1.0,0
27.0,1.0,16.0,0,4010.0,56.0,13.0,48.0,1,1.0,0
23.0,1.0,21.0,1,4030.0,6.0,1.0,19.0,1,1.0,0
61.0,4.0,16.0,1,4220.0,8.0,1.0,2.0,1,1.0,0
43.0,3.0,21.0,1,1310.0,25.0,1.0,45.0,0,1.0,1
40.0,5.0,20.0,0,9810.0,53.0,0.0,45.0,0,1.0,1
34.0,1.0,21.0,1,3322.0,56.0,1.0,30.0,1,1.0,0
37.0,1.0,21.0,1,3255.0,48.0,0.0,36.0,1,1.0,1
45.0,3.0,16.0,1,6442.0,56.0,2.0,40.0,0,1.0,0
64.0,6.0,16.0,0,4600.0,40.0,0.0,65.0,1,1.0,1
62.0,5.0,19.0,1,440.0,56.0,0.0,40.0,1,1.0,1
30.0,1.0,19.0,1,310.0,56.0,0.0,50.0,0,1.0,0
25.0,1.0,16.0,1,6950.0,13.0,1.0,92.0,0,1.0,1
34.0,1.0,16.0,1,8990.0,56.0,0.0,48.0,0,1.0,0
69.0,6.0,19.0,1,440.0,36.0,0.0,30.0,0,1.0,0
41.0,1.0,21.0,0,5610.0,8.0,13.0,40.0,1,1.0,0
18.0,4.0,18.0,0,4350.0,56.0,17.0,17.0,1,1.0,0
44.0,1.0,18.0,1,2360.0,16.0,1.0,42.0,0,1.0,1
44.0,1.0,19.0,0,9130.0,48.0,0.0,55.0,0,1.0,1
51.0,1.0,18.0,0,800.0,56.0,0.0,39.0,1,1.0,0
35.0,1.0,21.0,0,4000.0,217.0,13.0,35.0,1,6.0,0
28.0,5.0,21.0,1,9830.0,48.0,0.0,60.0,0,1.0,1
58.0,3.0,13.0,1,9130.0,49.0,1.0,40.0,0,1.0,0
55.0,6.0,19.0,1,6355.0,56.0,0.0,40.0,0,1.0,1
34.0,1.0,16.0,1,6950.0,303.0,1.0,40.0,0,1.0,0
49.0,4.0,16.0,1,5860.0,35.0,1.0,40.0,1,9.0,0
52.0,1.0,24.0,1,2205.0,19.0,1.0,40.0,0,1.0,1
56.0,1.0,18.0,1,6442.0,56.0,1.0,40.0,0,1.0,0
55.0,3.0,17.0,1,6442.0,56.0,1.0,40.0,0,1.0,0
63.0,2.0,22.0,1,3258.0,48.0,1.0,36.0,1,1.0,1
60.0,1.0,16.0,1,4760.0,8.0,1.0,40.0,1,1.0,0
67.0,3.0,22.0,1,2310.0,56.0,0.0,6.0,1,1.0,1
31.0,4.0,21.0,0,2320.0,30.0,0.0,40.0,1,1.0,1
29.0,1.0,20.0,1,3310.0,49.0,1.0,30.0,1,1.0,0
64.0,4.0,22.0,1,5000.0,31.0,0.0,40.0,1,1.0,1
59.0,3.0,20.0,1,5120.0,39.0,1.0,40.0,1,1.0,0
61.0,3.0,21.0,0,3820.0,56.0,13.0,45.0,0,1.0,1
47.0,3.0,21.0,1,2320.0,9.0,1.0,50.0,0,1.0,0
71.0,4.0,22.0,1,3870.0,8.0,0.0,24.0,0,1.0,1
19.0,1.0,16.0,1,4020.0,56.0,12.0,25.0,1,1.0,0
56.0,4.0,22.0,1,2310.0,2.0,0.0,56.0,1,1.0,1
60.0,4.0,19.0,1,3603.0,8.0,1.0,40.0,1,1.0,0
58.0,6.0,19.0,1,205.0,56.0,1.0,70.0,0,1.0,1
17.0,1.0,16.0,1,4600.0,56.0,7.0,40.0,1,1.0,0
66.0,1.0,19.0,1,5120.0,56.0,1.0,20.0,1,1.0,0
48.0,1.0,16.0,1,7220.0,56.0,1.0,85.0,0,1.0,1
30.0,5.0,19.0,0,6355.0,6.0,12.0,50.0,0,6.0,1
64.0,1.0,21.0,1,4340.0,25.0,1.0,8.0,1,1.0,0
52.0,3.0,18.0,1,2360.0,26.0,0.0,40.0,1,1.0,0
60.0,1.0,19.0,1,9130.0,55.0,1.0,60.0,0,1.0,1
27.0,1.0,20.0,0,4030.0,48.0,2.0,32.0,1,1.0,0
60.0,3.0,20.0,1,5740.0,56.0,1.0,10.0,1,1.0,0
51.0,4.0,20.0,1,160.0,9.0,0.0,40.0,0,1.0,1
62.0,2.0,16.0,1,5740.0,164.0,1.0,45.0,1,1.0,0
38.0,1.0,21.0,1,2205.0,40.0,0.0,40.0,0,1.0,0
38.0,1.0,19.0,1,7020.0,56.0,0.0,40.0,0,1.0,0
24.0,1.0,17.0,1,3602.0,56.0,1.0,50.0,1,1.0,0
66.0,3.0,16.0,1,4010.0,56.0,1.0,40.0,1,3.0,0
24.0,5.0,20.0,1,3323.0,6.0,0.0,45.0,0,1.0,0
41.0,1.0,19.0,1,8140.0,56.0,1.0,52.0,0,1.0,0
46.0,1.0,21.0,0,3645.0,47.0,0.0,34.0,1,1.0,0
60.0,6.0,24.0,1,2752.0,6.0,0.0,20.0,1,1.0,1
36.0,1.0,13.0,0,6260.0,36.0,5.0,40.0,0,3.0,0
82.0,1.0,16.0,1,4810.0,49.0,0.0,30.0,0,1.0,1
50.0,1.0,20.0,1,4700.0,26.0,0.0,36.0,1,1.0,0
52.0,6.0,16.0,1,6260.0,8.0,1.0,40.0,0,1.0,0
58.0,1.0,16.0,1,8140.0,40.0,0.0,60.0,0,1.0,1
55.0,4.0,22.0,1,2205.0,56.0,0.0,45.0,1,1.0,1
38.0,2.0,20.0,1,5740.0,27.0,0.0,40.0,1,1.0,0
41.0,1.0,20.0,1,5740.0,17.0,0.0,42.0,1,1.0,0
37.0,1.0,22.0,1,3245.0,56.0,0.0,5.0,1,1.0,0
57.0,8.0,21.0,1,9620.0,35.0,1.0,75.0,1,1.0,0
49.0,2.0,21.0,1,10.0,138.0,1.0,45.0,1,1.0,1
54.0,2.0,21.0,1,565.0,16.0,1.0,40.0,1,1.0,0
54.0,4.0,11.0,0,7315.0,56.0,0.0,60.0,0,3.0,1
34.0,1.0,16.0,1,4700.0,8.0,1.0,40.0,1,1.0,0
26.0,6.0,20.0,1,4600.0,19.0,0.0,45.0,1,1.0,0
59.0,1.0,21.0,1,6230.0,51.0,0.0,45.0,0,1.0,1
53.0,1.0,21.0,1,6355.0,49.0,0.0,40.0,0,1.0,1
22.0,1.0,21.0,0,4040.0,53.0,2.0,35.0,1,1.0,0
56.0,1.0,13.0,1,9130.0,26.0,0.0,70.0,0,1.0,1
58.0,2.0,22.0,1,2300.0,56.0,0.0,40.0,1,1.0,0
80.0,6.0,22.0,0,4220.0,56.0,0.0,5.0,0,1.0,1
37.0,2.0,12.0,0,4220.0,6.0,0.0,20.0,1,9.0,0
27.0,1.0,17.0,1,6355.0,8.0,1.0,45.0,0,1.0,1
64.0,2.0,21.0,1,2751.0,38.0,1.0,25.0,1,1.0,1
70.0,6.0,19.0,1,8555.0,55.0,1.0,5.0,0,1.0,0
41.0,1.0,21.0,1,4120.0,48.0,1.0,35.0,1,1.0,0
56.0,4.0,19.0,1,2435.0,49.0,0.0,39.0,1,1.0,0
47.0,5.0,20.0,1,7000.0,48.0,0.0,40.0,0,1.0,1
29.0,1.0,16.0,1,4760.0,30.0,0.0,40.0,1,1.0,0
47.0,1.0,20.0,0,520.0,53.0,0.0,38.0,0,5.0,0
24.0,3.0,16.0,1,2545.0,16.0,1.0,10.0,1,1.0,0
60.0,1.0,21.0,1,440.0,8.0,0.0,40.0,1,1.0,1
45.0,1.0,18.0,1,1006.0,56.0,0.0,10.0,0,1.0,0
33.0,1.0,16.0,0,110.0,56.0,0.0,55.0,1,1.0,1
75.0,2.0,18.0,1,9150.0,6.0,0.0,30.0,0,1.0,0
26.0,1.0,18.0,1,6260.0,56.0,0.0,40.0,0,1.0,0
48.0,1.0,22.0,1,710.0,17.0,1.0,40.0,0,1.0,1
40.0,1.0,20.0,1,4720.0,8.0,10.0,50.0,0,1.0,0
58.0,1.0,16.0,1,4220.0,56.0,1.0,40.0,0,1.0,1
57.0,1.0,16.0,0,440.0,32.0,0.0,55.0,0,1.0,1
31.0,1.0,21.0,1,2310.0,48.0,1.0,40.0,1,1.0,0
25.0,1.0,18.0,0,9610.0,56.0,0.0,48.0,0,1.0,1
34.0,7.0,16.0,1,9650.0,37.0,1.0,60.0,0,1.0,1
21.0,3.0,16.0,0,6050.0,56.0,0.0,40.0,1,1.0,0
36.0,1.0,19.0,0,310.0,56.0,0.0,60.0,0,1.0,1
49.0,4.0,23.0,0,2100.0,56.0,0.0,45.0,1,1.0,1
58.0,1.0,16.0,0,4760.0,56.0,0.0,45.0,0,1.0,1
41.0,2.0,18.0,1,5740.0,56.0,1.0,20.0,1,1.0,0
36.0,5.0,20.0,0,9810.0,36.0,13.0,50.0,1,1.0,1
59.0,1.0,18.0,1,5160.0,48.0,1.0,40.0,1,1.0,1
49.0,1.0,20.0,1,1108.0,30.0,5.0,36.0,0,3.0,0
31.0,4.0,22.0,1,1610.0,36.0,0.0,40.0,0,1.0,0
30.0,1.0,21.0,0,440.0,56.0,0.0,40.0,0,1.0,0
26.0,3.0,20.0,1,2545.0,31.0,1.0,40.0,1,1.0,0
37.0,1.0,17.0,0,7340.0,6.0,0.0,41.0,0,1.0,1
47.0,1.0,19.0,1,5400.0,49.0,0.0,17.0,1,1.0,0
27.0,5.0,18.0,1,1108.0,36.0,0.0,40.0,0,1.0,1
55.0,4.0,21.0,0,4622.0,56.0,0.0,40.0,1,1.0,1
36.0,3.0,19.0,1,5740.0,56.0,0.0,40.0,1,1.0,0
30.0,5.0,20.0,0,750.0,17.0,0.0,50.0,0,6.0,0
31.0,1.0,18.0,0,4010.0,47.0,13.0,30.0,0,1.0,0
67.0,1.0,19.0,1,4800.0,19.0,1.0,24.0,1,1.0,0
53.0,1.0,18.0,0,4510.0,56.0,15.0,20.0,1,3.0,0
43.0,1.0,19.0,1,6050.0,31.0,0.0,40.0,0,1.0,0
38.0,2.0,20.0,0,3258.0,56.0,15.0,40.0,1,1.0,1
28.0,6.0,22.0,0,4622.0,22.0,0.0,35.0,0,1.0,0
65.0,1.0,16.0,1,4720.0,56.0,0.0,32.0,1,1.0,0
41.0,2.0,22.0,1,3255.0,56.0,0.0,60.0,0,1.0,1
44.0,1.0,16.0,1,9130.0,49.0,1.0,45.0,0,1.0,1
52.0,1.0,19.0,0,4710.0,49.0,0.0,40.0,0,1.0,1
29.0,3.0,22.0,0,2002.0,49.0,2.0,40.0,0,1.0,0
32.0,1.0,19.0,1,7220.0,49.0,1.0,60.0,0,1.0,1
32.0,1.0,21.0,0,6950.0,56.0,0.0,40.0,0,1.0,0
65.0,2.0,21.0,1,2300.0,17.0,1.0,40.0,1,1.0,0
72.0,4.0,23.0,1,10.0,128.0,1.0,60.0,0,1.0,1
32.0,1.0,17.0,1,6200.0,31.0,1.0,45.0,0,1.0,1
46.0,1.0,16.0,1,5410.0,56.0,0.0,45.0,0,1.0,1
57.0,7.0,21.0,1,205.0,56.0,0.0,90.0,0,1.0,0
60.0,1.0,17.0,0,440.0,56.0,15.0,50.0,1,1.0,1
63.0,1.0,20.0,1,6950.0,56.0,1.0,40.0,0,1.0,0
43.0,2.0,16.0,0,2002.0,6.0,2.0,40.0,0,1.0,0
33.0,6.0,19.0,0,440.0,26.0,0.0,55.0,0,1.0,0
61.0,1.0,16.0,1,4020.0,303.0,1.0,40.0,0,8.0,0
60.0,1.0,20.0,1,2170.0,26.0,1.0,46.0,1,1.0,0
60.0,2.0,15.0,1,2016.0,56.0,1.0,21.0,1,9.0,0
42.0,3.0,22.0,1,2310.0,56.0,1.0,45.0,0,1.0,1
41.0,1.0,18.0,0,5120.0,8.0,0.0,40.0,1,1.0,0
34.0,2.0,21.0,1,3422.0,56.0,1.0,40.0,1,1.0,0
71.0,1.0,19.0,1,6200.0,8.0,1.0,40.0,0,1.0,1
60.0,6.0,18.0,1,5220.0,27.0,0.0,50.0,0,1.0,0
39.0,2.0,16.0,1,7000.0,56.0,1.0,40.0,0,1.0,1
36.0,4.0,21.0,1,2310.0,56.0,0.0,50.0,1,1.0,1
64.0,1.0,21.0,1,1420.0,6.0,1.0,50.0,0,1.0,1
29.0,7.0,21.0,1,3550.0,30.0,0.0,40.0,1,1.0,1
67.0,3.0,24.0,1,230.0,30.0,0.0,45.0,0,1.0,1
64.0,6.0,19.0,1,220.0,30.0,0.0,35.0,0,1.0,0
60.0,3.0,16.0,1,4220.0,56.0,1.0,40.0,0,1.0,0
35.0,1.0,19.0,0,5740.0,56.0,0.0,10.0,1,1.0,0
39.0,1.0,20.0,1,7200.0,16.0,1.0,50.0,0,1.0,0
67.0,3.0,21.0,1,2310.0,20.0,0.0,24.0,1,1.0,1
45.0,1.0,20.0,0,7700.0,56.0,0.0,85.0,1,1.0,1
46.0,5.0,16.0,1,9005.0,48.0,1.0,40.0,0,1.0,1
58.0,1.0,20.0,1,205.0,56.0,1.0,30.0,0,1.0,0
41.0,1.0,18.0,1,4710.0,56.0,0.0,60.0,0,1.0,0
26.0,1.0,20.0,0,4220.0,56.0,2.0,15.0,0,1.0,0
35.0,1.0,17.0,0,9620.0,46.0,2.0,40.0,0,3.0,0
44.0,1.0,16.0,0,3424.0,56.0,0.0,43.0,1,3.0,0
38.0,1.0,18.0,1,7340.0,49.0,0.0,42.0,0,9.0,1
60.0,1.0,17.0,1,6305.0,18.0,1.0,40.0,0,1.0,0
48.0,1.0,19.0,0,5740.0,30.0,0.0,40.0,1,1.0,0
59.0,4.0,18.0,1,5860.0,38.0,1.0,20.0,1,1.0,0
18.0,1.0,14.0,0,8300.0,56.0,2.0,2.0,1,1.0,0
40.0,2.0,22.0,1,726.0,39.0,0.0,40.0,1,1.0,1
61.0,5.0,18.0,1,930.0,49.0,0.0,40.0,1,1.0,0
60.0,1.0,16.0,1,6260.0,6.0,1.0,50.0,0,1.0,1
64.0,1.0,21.0,0,3255.0,35.0,5.0,70.0,1,1.0,1
33.0,6.0,16.0,1,4510.0,56.0,0.0,30.0,1,1.0,0
54.0,3.0,18.0,1,8620.0,30.0,1.0,25.0,0,1.0,1
55.0,1.0,16.0,1,4020.0,110.0,1.0,40.0,1,1.0,0
52.0,5.0,21.0,1,2015.0,13.0,0.0,40.0,0,1.0,1
61.0,1.0,19.0,1,6200.0,54.0,0.0,45.0,0,1.0,1
20.0,1.0,14.0,0,6050.0,49.0,0.0,99.0,0,1.0,1
65.0,1.0,21.0,1,4760.0,55.0,0.0,30.0,1,1.0,0
32.0,6.0,16.0,1,440.0,8.0,1.0,60.0,0,1.0,0
58.0,6.0,21.0,1,440.0,6.0,0.0,40.0,1,9.0,1
48.0,1.0,21.0,1,440.0,30.0,0.0,50.0,1,1.0,1
82.0,6.0,18.0,1,4600.0,17.0,1.0,20.0,1,1.0,0
52.0,1.0,20.0,1,5630.0,8.0,0.0,99.0,0,1.0,0
56.0,1.0,21.0,1,4820.0,30.0,0.0,60.0,0,1.0,1
57.0,1.0,21.0,1,120.0,31.0,0.0,50.0,1,1.0,1
60.0,3.0,17.0,1,1220.0,17.0,0.0,40.0,1,1.0,0
35.0,7.0,19.0,1,205.0,56.0,1.0,80.0,0,1.0,1
27.0,1.0,1.0,1,4251.0,56.0,1.0,38.0,0,1.0,0
54.0,3.0,19.0,1,6200.0,56.0,1.0,45.0,0,1.0,1
56.0,3.0,22.0,1,2320.0,23.0,1.0,40.0,1,1.0,1
65.0,1.0,18.0,0,5000.0,31.0,13.0,40.0,1,1.0,0
65.0,2.0,21.0,1,2205.0,54.0,0.0,55.0,0,1.0,0
27.0,3.0,19.0,1,4420.0,56.0,0.0,20.0,1,1.0,0
65.0,1.0,21.0,1,20.0,56.0,0.0,50.0,0,1.0,1
62.0,4.0,20.0,0,3255.0,26.0,0.0,40.0,1,1.0,1
37.0,7.0,21.0,1,1530.0,8.0,0.0,40.0,0,1.0,0
22.0,1.0,16.0,0,2300.0,48.0,12.0,20.0,1,1.0,0
21.0,1.0,17.0,0,9570.0,56.0,13.0,60.0,0,1.0,1
60.0,3.0,22.0,1,230.0,13.0,1.0,45.0,1,1.0,1
30.0,5.0,20.0,1,630.0,13.0,0.0,60.0,0,1.0,1
54.0,1.0,16.0,0,5600.0,31.0,0.0,45.0,0,1.0,1
69.0,1.0,19.0,1,3255.0,56.0,0.0,40.0,0,1.0,1
51.0,1.0,15.0,0,7700.0,56.0,0.0,48.0,0,1.0,1
45.0,1.0,15.0,0,6260.0,303.0,11.0,50.0,0,1.0,1
60.0,1.0,20.0,1,440.0,56.0,0.0,40.0,1,1.0,0
55.0,1.0,16.0,0,4220.0,56.0,0.0,40.0,0,1.0,0
24.0,1.0,16.0,0,4110.0,38.0,13.0,30.0,1,1.0,0
60.0,1.0,19.0,0,120.0,110.0,0.0,50.0,1,1.0,1
72.0,1.0,19.0,1,4760.0,55.0,0.0,24.0,0,1.0,0
56.0,4.0,16.0,1,5850.0,56.0,1.0,45.0,1,1.0,0
49.0,1.0,21.0,0,1108.0,56.0,2.0,40.0,0,1.0,0
38.0,3.0,21.0,1,2310.0,49.0,0.0,8.0,1,1.0,0
31.0,1.0,16.0,0,9620.0,56.0,2.0,16.0,1,1.0,0
34.0,4.0,16.0,1,4540.0,301.0,0.0,23.0,1,1.0,0
55.0,1.0,21.0,0,6950.0,48.0,2.0,70.0,0,1.0,1
24.0,3.0,22.0,1,2545.0,49.0,1.0,50.0,1,1.0,0
58.0,1.0,16.0,1,5820.0,56.0,1.0,21.0,1,1.0,0
40.0,1.0,17.0,0,9130.0,56.0,0.0,60.0,0,1.0,0
47.0,7.0,23.0,1,3090.0,56.0,0.0,55.0,0,1.0,1
34.0,4.0,19.0,1,6305.0,30.0,0.0,40.0,0,1.0,1
46.0,1.0,16.0,1,9210.0,56.0,0.0,60.0,0,1.0,1
32.0,1.0,16.0,1,8630.0,49.0,1.0,55.0,0,1.0,1
57.0,1.0,21.0,1,20.0,8.0,0.0,50.0,0,1.0,1
59.0,5.0,16.0,1,136.0,8.0,1.0,40.0,1,1.0,1
38.0,1.0,17.0,0,9130.0,56.0,0.0,50.0,0,1.0,0
57.0,1.0,21.0,1,5000.0,56.0,1.0,42.0,1,1.0,0
58.0,1.0,19.0,1,8300.0,36.0,0.0,45.0,0,1.0,0
25.0,2.0,16.0,1,2012.0,56.0,1.0,60.0,1,1.0,0
62.0,1.0,21.0,1,4622.0,24.0,1.0,40.0,1,1.0,0
18.0,1.0,14.0,0,6260.0,49.0,2.0,13.0,0,1.0,0
29.0,1.0,18.0,1,8740.0,56.0,0.0,60.0,0,1.0,1
64.0,1.0,20.0,0,8350.0,8.0,0.0,25.0,1,1.0,0
68.0,2.0,22.0,1,2040.0,56.0,1.0,45.0,0,1.0,0
23.0,1.0,16.0,0,4600.0,56.0,0.0,25.0,1,1.0,0
28.0,1.0,20.0,1,6200.0,56.0,1.0,90.0,0,1.0,1
58.0,1.0,14.0,1,6220.0,19.0,1.0,40.0,0,1.0,0
60.0,3.0,16.0,1,8620.0,56.0,0.0,40.0,0,1.0,1
51.0,6.0,16.0,1,205.0,8.0,1.0,60.0,0,1.0,0
51.0,5.0,16.0,0,700.0,8.0,0.0,40.0,0,1.0,1
40.0,3.0,20.0,0,2002.0,56.0,2.0,40.0,1,3.0,0
37.0,5.0,20.0,1,3255.0,21.0,0.0,60.0,0,9.0,1
36.0,5.0,21.0,1,565.0,440.0,0.0,40.0,0,2.0,1
61.0,6.0,18.0,1,8320.0,20.0,1.0,20.0,1,1.0,0
31.0,1.0,21.0,1,1520.0,30.0,1.0,40.0,0,1.0,1
35.0,3.0,21.0,1,3900.0,8.0,0.0,40.0,1,1.0,0
55.0,2.0,19.0,1,410.0,12.0,1.0,50.0,1,1.0,1
63.0,1.0,22.0,1,2006.0,56.0,0.0,11.0,0,1.0,1
59.0,1.0,20.0,0,420.0,56.0,0.0,40.0,1,1.0,0
80.0,8.0,21.0,1,6050.0,56.0,0.0,6.0,1,1.0,1
39.0,4.0,21.0,1,2310.0,41.0,0.0,40.0,0,1.0,1
39.0,1.0,18.0,0,410.0,48.0,2.0,45.0,0,8.0,0
32.0,6.0,16.0,1,5860.0,56.0,0.0,60.0,0,1.0,1
52.0,1.0,21.0,1,4700.0,6.0,1.0,40.0,0,1.0,1
52.0,4.0,20.0,1,4700.0,56.0,1.0,40.0,1,9.0,0
83.0,2.0,20.0,1,5740.0,22.0,0.0,15.0,0,1.0,0
27.0,1.0,19.0,0,6050.0,56.0,7.0,40.0,0,3.0,0
46.0,1.0,17.0,1,5940.0,33.0,1.0,50.0,0,1.0,1
45.0,1.0,20.0,1,4010.0,233.0,1.0,40.0,1,1.0,0
57.0,1.0,16.0,1,7350.0,49.0,1.0,48.0,0,1.0,1
28.0,5.0,19.0,0,6355.0,16.0,0.0,50.0,0,1.0,1
52.0,3.0,13.0,0,2001.0,8.0,2.0,40.0,0,3.0,1
28.0,1.0,20.0,0,4965.0,56.0,2.0,20.0,0,1.0,0
32.0,1.0,21.0,0,1750.0,56.0,0.0,40.0,0,1.0,1
38.0,2.0,23.0,0,3030.0,56.0,0.0,40.0,1,1.0,1
58.0,3.0,18.0,1,7340.0,56.0,1.0,40.0,0,8.0,0
37.0,2.0,21.0,1,7700.0,47.0,1.0,10.0,1,1.0,0
32.0,2.0,22.0,1,2310.0,16.0,1.0,40.0,0,1.0,1
39.0,3.0,20.0,1,2545.0,26.0,1.0,35.0,1,1.0,0
54.0,6.0,16.0,1,6515.0,49.0,0.0,60.0,0,9.0,0
50.0,1.0,20.0,1,3255.0,56.0,0.0,40.0,1,1.0,1
29.0,1.0,22.0,1,3150.0,36.0,0.0,40.0,1,1.0,1
32.0,1.0,16.0,1,8140.0,6.0,1.0,55.0,0,1.0,1
47.0,1.0,16.0,0,6260.0,56.0,13.0,50.0,0,1.0,0
49.0,1.0,16.0,0,5610.0,41.0,5.0,40.0,1,2.0,0
42.0,2.0,21.0,0,3255.0,42.0,0.0,42.0,1,1.0,1
39.0,6.0,21.0,1,440.0,56.0,0.0,25.0,1,1.0,0
58.0,3.0,21.0,1,3820.0,47.0,1.0,40.0,0,3.0,1
42.0,6.0,19.0,1,4920.0,56.0,1.0,60.0,1,1.0,1
64.0,1.0,16.0,1,7720.0,56.0,0.0,40.0,1,1.0,0
61.0,1.0,19.0,1,4810.0,56.0,0.0,35.0,1,1.0,0
21.0,1.0,18.0,0,4510.0,56.0,2.0,40.0,1,1.0,0
65.0,2.0,19.0,1,6230.0,39.0,0.0,40.0,0,1.0,0
38.0,6.0,16.0,1,4220.0,31.0,0.0,10.0,1,1.0,0
64.0,3.0,16.0,1,440.0,56.0,1.0,40.0,0,1.0,1
31.0,1.0,21.0,1,800.0,56.0,0.0,40.0,1,1.0,1
71.0,1.0,16.0,0,4700.0,36.0,0.0,40.0,1,1.0,1
52.0,5.0,22.0,1,6005.0,30.0,0.0,40.0,0,1.0,1
52.0,1.0,16.0,1,4110.0,46.0,1.0,35.0,1,1.0,0
47.0,1.0,20.0,1,850.0,9.0,0.0,40.0,0,1.0,1
71.0,7.0,16.0,1,205.0,19.0,0.0,48.0,0,1.0,0
56.0,1.0,19.0,1,4720.0,16.0,0.0,30.0,1,1.0,1
42.0,4.0,24.0,1,2205.0,20.0,1.0,50.0,1,1.0,1
55.0,1.0,16.0,1,1555.0,48.0,0.0,40.0,0,1.0,1
58.0,3.0,21.0,0,2310.0,12.0,0.0,40.0,1,1.0,1
64.0,1.0,18.0,0,6355.0,31.0,0.0,40.0,0,1.0,1
36.0,4.0,19.0,0,3725.0,31.0,2.0,40.0,0,3.0,0
34.0,4.0,23.0,1,3820.0,56.0,1.0,40.0,0,1.0,1
60.0,1.0,21.0,1,1350.0,24.0,0.0,55.0,0,1.0,1
25.0,1.0,19.0,0,5300.0,56.0,2.0,40.0,0,1.0,0
63.0,5.0,22.0,1,5550.0,24.0,0.0,44.0,0,1.0,0
77.0,7.0,16.0,0,3602.0,41.0,0.0,10.0,1,1.0,0
30.0,4.0,19.0,1,3802.0,6.0,0.0,72.0,0,8.0,1
58.0,7.0,16.0,1,6230.0,56.0,0.0,60.0,0,9.0,1
34.0,1.0,16.0,0,9620.0,56.0,2.0,40.0,1,1.0,0
42.0,1.0,16.0,1,5300.0,303.0,0.0,48.0,0,1.0,0
47.0,1.0,16.0,1,4400.0,49.0,1.0,40.0,1,1.0,0
58.0,6.0,20.0,1,8350.0,56.0,0.0,80.0,1,1.0,0
55.0,6.0,19.0,0,205.0,56.0,0.0,60.0,0,9.0,0
28.0,1.0,15.0,0,6200.0,56.0,13.0,84.0,0,1.0,1
51.0,1.0,16.0,0,120.0,25.0,13.0,40.0,1,1.0,0
67.0,6.0,16.0,0,205.0,56.0,0.0,60.0,0,1.0,1
63.0,5.0,2.0,1,540.0,20.0,1.0,40.0,1,1.0,1
50.0,1.0,21.0,1,4700.0,56.0,0.0,60.0,0,1.0,0
65.0,1.0,1.0,0,4810.0,31.0,0.0,40.0,1,1.0,1
48.0,1.0,18.0,0,6825.0,36.0,0.0,42.0,0,1.0,1
30.0,1.0,12.0,0,4210.0,56.0,16.0,25.0,0,3.0,0
34.0,4.0,21.0,1,2310.0,8.0,1.0,50.0,1,1.0,1
40.0,1.0,19.0,1,5000.0,56.0,0.0,40.0,1,1.0,0
46.0,1.0,22.0,1,1305.0,56.0,1.0,40.0,0,1.0,0
47.0,1.0,22.0,1,3160.0,42.0,0.0,42.0,0,1.0,1
49.0,4.0,21.0,1,4220.0,41.0,1.0,40.0,1,1.0,1
61.0,1.0,20.0,1,5000.0,30.0,0.0,38.0,1,1.0,0
25.0,1.0,18.0,0,6355.0,56.0,0.0,40.0,0,1.0,1
56.0,4.0,21.0,1,440.0,31.0,0.0,40.0,1,1.0,1
63.0,2.0,19.0,1,5940.0,49.0,1.0,40.0,1,1.0,0
48.0,2.0,19.0,1,2060.0,53.0,0.0,16.0,1,1.0,0
38.0,2.0,22.0,1,2040.0,56.0,1.0,50.0,0,1.0,1
54.0,3.0,21.0,1,2011.0,56.0,1.0,40.0,1,1.0,0
77.0,1.0,16.0,1,9130.0,27.0,0.0,40.0,0,1.0,0
55.0,1.0,16.0,1,7220.0,39.0,1.0,45.0,0,1.0,1
57.0,4.0,19.0,1,630.0,18.0,0.0,40.0,1,1.0,1
23.0,1.0,16.0,1,6305.0,56.0,0.0,40.0,0,1.0,0
59.0,1.0,19.0,1,4850.0,8.0,0.0,72.0,0,1.0,1
70.0,7.0,24.0,1,3250.0,56.0,0.0,60.0,0,1.0,1
51.0,4.0,21.0,1,3255.0,17.0,1.0,40.0,1,1.0,1
49.0,3.0,21.0,1,5320.0,8.0,1.0,35.0,1,1.0,0
40.0,6.0,21.0,0,4655.0,8.0,13.0,70.0,1,1.0,0
26.0,5.0,16.0,1,3603.0,54.0,1.0,40.0,1,1.0,0
33.0,3.0,20.0,1,5140.0,49.0,0.0,40.0,1,1.0,0
24.0,1.0,16.0,0,6442.0,54.0,13.0,40.0,0,1.0,1
64.0,1.0,20.0,1,4220.0,49.0,0.0,14.0,1,1.0,0
49.0,3.0,22.0,0,5740.0,56.0,0.0,40.0,1,1.0,0
38.0,1.0,20.0,1,7700.0,56.0,1.0,60.0,0,1.0,1
40.0,1.0,19.0,1,7700.0,8.0,0.0,40.0,1,1.0,0
55.0,7.0,16.0,1,4830.0,46.0,1.0,40.0,1,1.0,0
65.0,3.0,22.0,1,2545.0,55.0,1.0,35.0,1,1.0,0
43.0,3.0,16.0,1,3870.0,6.0,1.0,50.0,0,1.0,0
26.0,1.0,19.0,1,4760.0,56.0,1.0,40.0,0,1.0,0
65.0,1.0,16.0,0,4760.0,39.0,0.0,38.0,1,1.0,0
62.0,4.0,24.0,0,2205.0,212.0,0.0,40.0,0,1.0,1
40.0,6.0,21.0,1,4621.0,36.0,1.0,55.0,0,1.0,1
54.0,1.0,17.0,0,4210.0,6.0,0.0,40.0,0,1.0,0
56.0,1.0,21.0,1,3160.0,55.0,1.0,25.0,1,1.0,0
53.0,1.0,18.0,1,9130.0,53.0,1.0,50.0,0,1.0,1
46.0,1.0,19.0,1,6050.0,56.0,1.0,60.0,0,1.0,0
59.0,1.0,21.0,0,420.0,16.0,0.0,40.0,1,1.0,1
62.0,1.0,19.0,0,9130.0,24.0,2.0,24.0,0,1.0,0
55.0,6.0,18.0,1,9130.0,39.0,1.0,50.0,0,1.0,0
68.0,1.0,16.0,1,4540.0,46.0,1.0,40.0,0,1.0,0
59.0,3.0,20.0,1,1970.0,109.0,1.0,40.0,0,1.0,1
77.0,7.0,16.0,1,6260.0,56.0,0.0,55.0,0,1.0,1
38.0,3.0,22.0,1,230.0,31.0,1.0,50.0,1,1.0,1
37.0,1.0,19.0,1,9130.0,56.0,0.0,40.0,0,1.0,0
34.0,1.0,16.0,1,8640.0,56.0,0.0,48.0,0,1.0,1
30.0,1.0,19.0,1,4000.0,20.0,1.0,30.0,0,1.0,0
63.0,1.0,14.0,1,440.0,56.0,0.0,40.0,0,8.0,1
20.0,1.0,20.0,0,9645.0,303.0,15.0,40.0,1,1.0,0
61.0,2.0,19.0,1,7210.0,56.0,1.0,40.0,0,1.0,1
36.0,1.0,14.0,1,9365.0,49.0,0.0,40.0,0,1.0,0
53.0,1.0,19.0,0,4700.0,56.0,0.0,38.0,0,1.0,1
50.0,5.0,19.0,0,5400.0,6.0,0.0,40.0,1,1.0,0
25.0,4.0,21.0,0,2310.0,56.0,13.0,50.0,1,1.0,0
35.0,3.0,19.0,1,4220.0,56.0,1.0,42.0,0,1.0,1
34.0,1.0,20.0,0,4720.0,46.0,0.0,50.0,1,1.0,0
39.0,1.0,17.0,1,9130.0,40.0,1.0,60.0,0,1.0,1
47.0,4.0,20.0,1,5240.0,56.0,1.0,40.0,1,1.0,0
20.0,1.0,16.0,0,4230.0,2.0,2.0,16.0,1,1.0,0
65.0,5.0,19.0,1,5550.0,8.0,1.0,50.0,1,1.0,0
61.0,2.0,19.0,0,4810.0,35.0,0.0,40.0,0,1.0,1
20.0,1.0,19.0,0,5040.0,8.0,11.0,40.0,1,1.0,0
60.0,1.0,22.0,1,2002.0,56.0,1.0,50.0,0,1.0,1
56.0,6.0,20.0,1,4510.0,6.0,0.0,40.0,1,1.0,0
52.0,1.0,18.0,1,350.0,20.0,0.0,50.0,1,1.0,0
34.0,1.0,16.0,1,6330.0,303.0,0.0,40.0,0,1.0,0
45.0,1.0,16.0,1,3655.0,53.0,1.0,40.0,1,1.0,0
38.0,1.0,23.0,1,800.0,56.0,0.0,40.0,0,1.0,1
31.0,3.0,19.0,1,3870.0,56.0,0.0,40.0,0,3.0,1
30.0,1.0,18.0,1,9645.0,24.0,9.0,21.0,0,1.0,0
65.0,3.0,16.0,1,300.0,39.0,1.0,40.0,0,1.0,1
33.0,1.0,21.0,1,1860.0,30.0,0.0,40.0,1,1.0,0
32.0,4.0,21.0,0,2545.0,21.0,0.0,40.0,0,1.0,0
45.0,1.0,19.0,1,9130.0,32.0,0.0,48.0,0,1.0,0
57.0,1.0,20.0,0,4220.0,56.0,0.0,40.0,0,1.0,0
59.0,4.0,19.0,0,3820.0,8.0,0.0,40.0,1,1.0,1
55.0,7.0,12.0,1,9130.0,27.0,0.0,60.0,0,1.0,1
53.0,5.0,19.0,1,160.0,21.0,0.0,60.0,0,1.0,1
52.0,1.0,22.0,1,4700.0,55.0,0.0,60.0,0,1.0,0
70.0,2.0,20.0,1,2040.0,47.0,0.0,72.0,0,1.0,1
58.0,3.0,18.0,1,5740.0,8.0,0.0,29.0,1,1.0,0
36.0,7.0,19.0,1,9130.0,40.0,0.0,40.0,0,1.0,0
40.0,3.0,21.0,1,2310.0,56.0,0.0,50.0,0,9.0,1
45.0,5.0,19.0,0,3649.0,8.0,2.0,40.0,1,3.0,0
48.0,7.0,23.0,0,4740.0,6.0,12.0,40.0,0,1.0,0
23.0,1.0,19.0,0,9645.0,51.0,0.0,30.0,0,1.0,0
62.0,1.0,18.0,0,4720.0,56.0,0.0,20.0,1,1.0,0
40.0,6.0,16.0,1,6460.0,56.0,1.0,50.0,0,1.0,0
62.0,1.0,20.0,1,3255.0,29.0,1.0,20.0,1,1.0,0
56.0,1.0,18.0,1,1555.0,26.0,0.0,45.0,0,1.0,1
23.0,1.0,16.0,0,9130.0,32.0,0.0,40.0,0,1.0,0
32.0,3.0,19.0,1,2545.0,56.0,0.0,40.0,1,1.0,0
42.0,1.0,16.0,1,5610.0,56.0,0.0,50.0,1,1.0,0
39.0,4.0,17.0,1,3230.0,56.0,0.0,40.0,1,1.0,1
57.0,3.0,21.0,1,230.0,56.0,1.0,40.0,1,1.0,1
27.0,1.0,19.0,1,2170.0,56.0,0.0,40.0,1,1.0,0
45.0,1.0,20.0,1,6800.0,16.0,0.0,62.0,0,1.0,1
57.0,1.0,19.0,0,5740.0,40.0,0.0,50.0,1,1.0,1
27.0,6.0,16.0,1,6240.0,56.0,1.0,40.0,0,1.0,0
30.0,1.0,20.0,1,5000.0,30.0,0.0,40.0,1,1.0,0
59.0,1.0,21.0,1,10.0,46.0,1.0,45.0,0,1.0,1
37.0,5.0,21.0,1,3255.0,30.0,1.0,40.0,1,1.0,1
59.0,4.0,16.0,1,6355.0,56.0,0.0,40.0,0,1.0,0
47.0,5.0,21.0,1,5810.0,8.0,1.0,40.0,1,1.0,0
22.0,1.0,16.0,0,9650.0,35.0,0.0,75.0,0,1.0,1
32.0,1.0,16.0,1,6800.0,56.0,1.0,85.0,0,1.0,1
43.0,1.0,16.0,1,4030.0,56.0,0.0,29.0,0,1.0,0
46.0,1.0,21.0,0,1450.0,56.0,0.0,40.0,0,1.0,1
44.0,3.0,21.0,1,2100.0,6.0,0.0,40.0,0,1.0,1
64.0,5.0,21.0,0,5940.0,30.0,0.0,40.0,1,3.0,1
60.0,1.0,18.0,0,5240.0,56.0,0.0,42.0,0,1.0,0
51.0,1.0,21.0,1,910.0,53.0,0.0,40.0,0,1.0,1
70.0,1.0,18.0,1,8640.0,56.0,0.0,40.0,1,1.0,0
52.0,1.0,16.0,1,6005.0,56.0,0.0,40.0,0,1.0,1
19.0,1.0,13.0,0,6950.0,56.0,12.0,40.0,0,1.0,0
73.0,4.0,17.0,0,2205.0,35.0,13.0,6.0,1,3.0,1
61.0,1.0,16.0,1,6050.0,46.0,0.0,60.0,0,1.0,1
57.0,5.0,21.0,1,120.0,56.0,0.0,40.0,0,1.0,1
40.0,7.0,19.0,0,440.0,56.0,0.0,40.0,0,1.0,1
26.0,1.0,16.0,0,4750.0,56.0,12.0,55.0,0,1.0,0
57.0,1.0,18.0,1,4830.0,16.0,1.0,40.0,1,1.0,0
33.0,3.0,21.0,0,3870.0,56.0,0.0,40.0,0,1.0,0
55.0,4.0,21.0,1,20.0,56.0,0.0,45.0,0,1.0,1
26.0,3.0,21.0,1,2310.0,56.0,1.0,45.0,1,1.0,0
46.0,1.0,16.0,1,3640.0,56.0,1.0,28.0,1,1.0,0
44.0,2.0,19.0,0,2545.0,46.0,0.0,40.0,1,1.0,0
56.0,1.0,21.0,0,4700.0,42.0,0.0,62.0,0,1.0,1
34.0,3.0,16.0,0,2545.0,49.0,2.0,36.0,0,1.0,0
17.0,1.0,14.0,0,5240.0,56.0,2.0,12.0,1,1.0,0
24.0,2.0,19.0,0,4600.0,56.0,7.0,20.0,1,3.0,0
48.0,5.0,21.0,1,3255.0,56.0,1.0,35.0,1,1.0,1
41.0,1.0,17.0,1,4700.0,49.0,1.0,40.0,1,1.0,0
22.0,1.0,20.0,1,4220.0,56.0,0.0,6.0,1,1.0,0
25.0,1.0,16.0,0,4700.0,17.0,12.0,40.0,1,1.0,0
62.0,4.0,16.0,1,5860.0,56.0,1.0,40.0,0,1.0,1
54.0,1.0,16.0,1,5120.0,30.0,1.0,40.0,1,1.0,0
41.0,1.0,17.0,1,9130.0,6.0,1.0,60.0,0,1.0,1
34.0,1.0,16.0,1,8600.0,56.0,0.0,40.0,0,1.0,1
47.0,1.0,19.0,1,4510.0,56.0,1.0,30.0,1,1.0,1
60.0,1.0,20.0,1,7640.0,46.0,0.0,40.0,1,1.0,1
64.0,7.0,19.0,1,205.0,56.0,0.0,60.0,0,1.0,1
38.0,3.0,16.0,1,7210.0,46.0,1.0,50.0,0,1.0,1
28.0,1.0,16.0,1,6305.0,56.0,0.0,42.0,0,1.0,1
30.0,2.0,23.0,1,2180.0,56.0,1.0,50.0,1,1.0,0
34.0,5.0,16.0,1,9040.0,56.0,1.0,40.0,0,1.0,1
22.0,1.0,16.0,0,4110.0,6.0,13.0,35.0,1,1.0,0
19.0,1.0,19.0,0,5240.0,303.0,2.0,32.0,0,1.0,0
45.0,7.0,23.0,1,137.0,56.0,0.0,50.0,1,1.0,1
59.0,1.0,16.0,1,9130.0,56.0,1.0,42.0,0,1.0,0
51.0,1.0,19.0,1,5120.0,31.0,0.0,50.0,1,1.0,0
31.0,1.0,16.0,1,4760.0,56.0,0.0,50.0,0,1.0,1
22.0,1.0,18.0,1,5160.0,30.0,0.0,40.0,1,1.0,0
69.0,1.0,21.0,1,3255.0,56.0,0.0,36.0,1,1.0,1
65.0,6.0,19.0,1,205.0,56.0,0.0,80.0,0,1.0,0
46.0,1.0,17.0,0,4210.0,18.0,0.0,40.0,0,1.0,0
66.0,1.0,21.0,1,9130.0,48.0,1.0,40.0,0,1.0,1
70.0,3.0,22.0,1,5110.0,6.0,0.0,32.0,1,3.0,0
56.0,1.0,18.0,1,4110.0,56.0,1.0,29.0,1,1.0,0
26.0,6.0,21.0,0,2910.0,56.0,2.0,25.0,0,1.0,0
56.0,6.0,16.0,1,6005.0,26.0,0.0,60.0,0,1.0,1
30.0,1.0,1.0,1,4760.0,46.0,1.0,40.0,1,1.0,0
45.0,1.0,17.0,1,8650.0,35.0,1.0,98.0,1,1.0,1
51.0,1.0,18.0,1,4020.0,25.0,1.0,15.0,1,1.0,0
37.0,2.0,21.0,1,3603.0,6.0,0.0,40.0,1,1.0,0
46.0,4.0,22.0,1,2310.0,4.0,0.0,36.0,0,1.0,1
58.0,4.0,1.0,1,2014.0,16.0,1.0,40.0,1,1.0,0
59.0,1.0,18.0,1,4120.0,30.0,0.0,45.0,1,1.0,0
51.0,1.0,16.0,1,6260.0,56.0,0.0,60.0,0,1.0,0
42.0,1.0,20.0,1,9620.0,46.0,0.0,40.0,1,1.0,0
56.0,1.0,18.0,1,4230.0,12.0,0.0,40.0,1,1.0,1
65.0,8.0,16.0,1,6442.0,56.0,0.0,40.0,0,1.0,0
56.0,1.0,18.0,1,4720.0,53.0,1.0,20.0,1,1.0,0
47.0,1.0,22.0,1,52.0,6.0,0.0,50.0,0,1.0,1
41.0,1.0,11.0,1,6230.0,303.0,1.0,30.0,0,8.0,0
54.0,7.0,20.0,0,10.0,515.0,0.0,60.0,0,1.0,1
42.0,5.0,20.0,1,5540.0,19.0,0.0,20.0,1,1.0,0
61.0,5.0,19.0,1,7020.0,51.0,1.0,40.0,0,1.0,1
36.0,1.0,21.0,1,2300.0,31.0,0.0,14.0,1,1.0,0
69.0,6.0,16.0,1,205.0,56.0,0.0,49.0,0,1.0,0
40.0,4.0,23.0,0,2205.0,17.0,0.0,50.0,0,1.0,0
76.0,3.0,20.0,0,2320.0,56.0,0.0,20.0,1,3.0,0
38.0,3.0,21.0,1,2310.0,26.0,0.0,40.0,0,1.0,1
93.0,7.0,21.0,0,2100.0,46.0,0.0,45.0,0,1.0,1
42.0,1.0,20.0,1,800.0,56.0,0.0,45.0,1,1.0,1
57.0,3.0,16.0,1,440.0,56.0,0.0,40.0,1,1.0,1
30.0,1.0,19.0,0,5240.0,56.0,0.0,45.0,0,1.0,0
24.0,1.0,20.0,0,9645.0,46.0,12.0,30.0,0,1.0,0
43.0,3.0,20.0,1,2014.0,56.0,1.0,40.0,1,3.0,0
61.0,3.0,21.0,1,9122.0,24.0,1.0,30.0,0,1.0,0
47.0,5.0,16.0,1,5550.0,56.0,1.0,40.0,0,1.0,1
75.0,5.0,21.0,1,2825.0,8.0,0.0,60.0,0,1.0,1
30.0,1.0,21.0,1,3255.0,56.0,0.0,36.0,1,1.0,1
60.0,2.0,20.0,0,7100.0,30.0,0.0,40.0,0,1.0,1
44.0,8.0,19.0,1,310.0,56.0,0.0,25.0,1,1.0,0
35.0,1.0,21.0,0,4760.0,31.0,12.0,35.0,1,1.0,1
38.0,1.0,11.0,0,6850.0,6.0,0.0,48.0,0,1.0,0
30.0,1.0,16.0,0,9130.0,8.0,13.0,40.0,1,2.0,0
55.0,6.0,17.0,1,4600.0,49.0,0.0,50.0,1,1.0,0
60.0,6.0,21.0,1,4700.0,31.0,1.0,40.0,1,1.0,0
45.0,1.0,23.0,0,440.0,15.0,15.0,50.0,0,1.0,1
36.0,1.0,19.0,1,4700.0,56.0,1.0,40.0,1,1.0,0
61.0,4.0,21.0,1,440.0,17.0,0.0,45.0,0,1.0,1
61.0,1.0,19.0,1,440.0,56.0,1.0,40.0,0,1.0,1
47.0,2.0,22.0,1,1108.0,12.0,0.0,42.0,0,1.0,1
41.0,3.0,19.0,1,2545.0,29.0,0.0,37.0,1,1.0,0
33.0,7.0,22.0,1,4920.0,56.0,0.0,40.0,0,1.0,0
41.0,1.0,16.0,1,5600.0,56.0,0.0,40.0,0,1.0,1
60.0,1.0,19.0,1,4110.0,56.0,1.0,29.0,1,1.0,0
27.0,1.0,23.0,0,2100.0,56.0,0.0,40.0,1,1.0,0
61.0,3.0,18.0,1,2545.0,32.0,1.0,40.0,1,1.0,0
48.0,1.0,21.0,0,4700.0,8.0,0.0,52.0,1,1.0,1
54.0,7.0,19.0,1,9130.0,8.0,0.0,40.0,0,1.0,1
32.0,3.0,19.0,1,2300.0,56.0,0.0,10.0,1,3.0,0
60.0,4.0,22.0,1,2310.0,30.0,0.0,60.0,0,1.0,1
48.0,1.0,16.0,1,8140.0,56.0,0.0,40.0,0,1.0,0
61.0,3.0,16.0,1,5740.0,56.0,0.0,40.0,1,1.0,0
64.0,1.0,20.0,1,2640.0,49.0,0.0,40.0,0,1.0,1
59.0,1.0,14.0,1,4700.0,27.0,1.0,40.0,1,1.0,0
43.0,1.0,16.0,0,6200.0,8.0,12.0,50.0,0,1.0,1
31.0,6.0,20.0,1,4510.0,56.0,1.0,12.0,1,1.0,0
53.0,1.0,19.0,1,5000.0,19.0,1.0,45.0,1,1.0,0
52.0,1.0,21.0,0,800.0,56.0,0.0,50.0,1,1.0,1
19.0,1.0,16.0,0,6050.0,56.0,17.0,40.0,0,1.0,0
24.0,1.0,16.0,1,3603.0,56.0,0.0,36.0,1,1.0,0
46.0,1.0,21.0,0,6355.0,56.0,0.0,40.0,0,1.0,1
59.0,1.0,17.0,1,9142.0,46.0,0.0,36.0,0,1.0,0
36.0,6.0,18.0,1,440.0,56.0,1.0,84.0,0,9.0,0
20.0,1.0,20.0,0,4150.0,8.0,12.0,27.0,1,1.0,0
58.0,1.0,23.0,1,2100.0,56.0,0.0,50.0,0,1.0,1
60.0,1.0,16.0,1,4220.0,6.0,1.0,7.0,0,1.0,0
61.0,1.0,18.0,1,4760.0,27.0,0.0,30.0,1,1.0,0
53.0,3.0,21.0,0,2310.0,48.0,0.0,50.0,0,1.0,1
25.0,1.0,16.0,1,6950.0,6.0,9.0,35.0,0,1.0,0
63.0,1.0,21.0,1,6200.0,28.0,1.0,50.0,0,1.0,1
30.0,1.0,18.0,1,8320.0,8.0,0.0,23.0,1,1.0,0
77.0,6.0,16.0,1,205.0,6.0,0.0,50.0,0,1.0,0
62.0,4.0,22.0,1,3230.0,46.0,1.0,40.0,1,1.0,1
45.0,4.0,16.0,1,110.0,56.0,1.0,40.0,0,1.0,1
65.0,3.0,18.0,0,3255.0,56.0,15.0,45.0,1,1.0,1
43.0,6.0,16.0,1,7640.0,49.0,1.0,84.0,0,1.0,1
35.0,3.0,21.0,1,2435.0,8.0,0.0,48.0,1,1.0,0
62.0,1.0,15.0,1,8630.0,30.0,1.0,40.0,0,1.0,0
55.0,1.0,21.0,0,440.0,56.0,0.0,45.0,0,1.0,1
59.0,1.0,16.0,1,7240.0,56.0,1.0,40.0,0,1.0,0
62.0,1.0,17.0,1,4760.0,6.0,0.0,60.0,0,1.0,1
28.0,1.0,17.0,0,5240.0,40.0,0.0,44.0,1,1.0,0
61.0,1.0,19.0,1,5740.0,56.0,1.0,40.0,1,1.0,0
52.0,3.0,21.0,1,3255.0,56.0,0.0,55.0,1,1.0,1
36.0,1.0,20.0,1,600.0,56.0,0.0,50.0,0,1.0,1
74.0,6.0,16.0,1,4540.0,56.0,0.0,10.0,0,1.0,0
35.0,7.0,16.0,0,6305.0,16.0,0.0,55.0,0,1.0,0
56.0,4.0,17.0,0,1560.0,30.0,0.0,40.0,0,1.0,0
34.0,1.0,21.0,0,5860.0,56.0,0.0,40.0,1,1.0,0
26.0,3.0,20.0,0,440.0,56.0,0.0,40.0,0,1.0,0
17.0,1.0,13.0,0,4110.0,56.0,4.0,25.0,1,1.0,0
68.0,1.0,19.0,1,4720.0,20.0,0.0,25.0,0,1.0,1
60.0,5.0,19.0,0,5400.0,56.0,0.0,40.0,1,3.0,0
53.0,3.0,22.0,1,2320.0,46.0,0.0,37.0,0,1.0,1
69.0,5.0,24.0,1,230.0,42.0,0.0,40.0,0,1.0,1
38.0,2.0,21.0,1,2001.0,56.0,0.0,80.0,1,1.0,1
48.0,5.0,21.0,1,1108.0,35.0,1.0,40.0,1,1.0,1
24.0,1.0,16.0,0,6800.0,56.0,2.0,84.0,0,1.0,1
32.0,2.0,22.0,1,1108.0,8.0,0.0,40.0,1,1.0,1
40.0,2.0,21.0,1,3300.0,36.0,0.0,40.0,1,1.0,0
58.0,7.0,16.0,1,20.0,6.0,0.0,50.0,0,1.0,1
61.0,1.0,17.0,1,9150.0,53.0,0.0,36.0,0,1.0,0
38.0,1.0,14.0,0,4720.0,56.0,10.0,40.0,1,3.0,0
21.0,1.0,16.0,1,230.0,20.0,1.0,34.0,1,1.0,0
65.0,1.0,20.0,1,150.0,16.0,0.0,40.0,1,1.0,1
49.0,7.0,19.0,0,5740.0,13.0,11.0,35.0,1,1.0,0
43.0,3.0,22.0,1,630.0,6.0,0.0,38.0,1,1.0,1
52.0,1.0,18.0,0,9130.0,56.0,0.0,60.0,0,1.0,1
31.0,1.0,20.0,1,2170.0,46.0,0.0,27.0,1,1.0,0
55.0,1.0,21.0,1,1420.0,56.0,1.0,40.0,0,1.0,1
47.0,6.0,16.0,1,4020.0,46.0,0.0,35.0,0,1.0,0
50.0,1.0,21.0,1,800.0,42.0,0.0,42.0,1,1.0,1
65.0,4.0,24.0,0,360.0,19.0,0.0,40.0,0,1.0,1
62.0,1.0,17.0,1,9122.0,30.0,1.0,50.0,1,1.0,0
38.0,1.0,20.0,0,6355.0,56.0,0.0,40.0,0,1.0,1
17.0,1.0,13.0,0,9610.0,21.0,2.0,15.0,0,1.0,0
42.0,1.0,19.0,1,4850.0,38.0,0.0,40.0,0,1.0,1
50.0,1.0,20.0,0,530.0,49.0,0.0,45.0,1,1.0,1
60.0,3.0,19.0,1,9121.0,56.0,1.0,30.0,0,1.0,0
51.0,3.0,21.0,1,4622.0,31.0,0.0,45.0,0,1.0,1
38.0,5.0,22.0,1,440.0,49.0,0.0,40.0,0,1.0,1
59.0,1.0,21.0,1,1920.0,56.0,1.0,40.0,0,1.0,0
19.0,1.0,18.0,0,5600.0,17.0,17.0,40.0,0,1.0,0
68.0,4.0,21.0,1,102.0,8.0,0.0,50.0,0,1.0,1
56.0,1.0,20.0,1,2600.0,27.0,1.0,4.0,1,1.0,0
43.0,1.0,17.0,0,8140.0,8.0,10.0,40.0,0,9.0,1
58.0,1.0,16.0,1,4030.0,110.0,0.0,45.0,0,1.0,0
25.0,5.0,18.0,0,3870.0,48.0,0.0,45.0,0,1.0,0
56.0,1.0,17.0,0,4000.0,49.0,0.0,28.0,0,1.0,0
20.0,1.0,20.0,0,4055.0,56.0,0.0,30.0,1,1.0,0
58.0,3.0,20.0,1,2360.0,53.0,1.0,10.0,1,1.0,0
67.0,1.0,19.0,1,101.0,38.0,0.0,40.0,1,1.0,1
39.0,4.0,20.0,1,3870.0,9.0,0.0,45.0,0,1.0,0
61.0,5.0,16.0,1,565.0,8.0,1.0,40.0,0,1.0,1
42.0,1.0,19.0,1,1980.0,56.0,0.0,40.0,0,1.0,1
61.0,1.0,21.0,1,102.0,40.0,1.0,20.0,0,1.0,0
38.0,1.0,20.0,1,9130.0,46.0,0.0,70.0,0,1.0,1
69.0,1.0,17.0,0,4140.0,42.0,15.0,20.0,1,1.0,0
57.0,1.0,21.0,1,4700.0,8.0,1.0,75.0,0,1.0,1
40.0,3.0,22.0,1,2310.0,16.0,0.0,50.0,1,1.0,1
28.0,1.0,17.0,1,1520.0,30.0,0.0,55.0,0,1.0,1
36.0,1.0,21.0,1,7750.0,29.0,1.0,45.0,0,1.0,0
60.0,3.0,21.0,1,4030.0,8.0,0.0,20.0,1,1.0,0
49.0,1.0,21.0,1,4760.0,46.0,1.0,7.0,1,1.0,0
50.0,1.0,19.0,1,5260.0,56.0,1.0,40.0,1,1.0,0
58.0,2.0,11.0,1,4230.0,49.0,1.0,29.0,1,1.0,0
64.0,4.0,21.0,1,5000.0,26.0,1.0,40.0,0,1.0,1
59.0,2.0,21.0,1,2310.0,22.0,1.0,45.0,1,1.0,1
57.0,1.0,19.0,0,2170.0,56.0,0.0,75.0,1,1.0,1
50.0,6.0,16.0,1,205.0,49.0,0.0,40.0,1,1.0,0
34.0,2.0,21.0,1,2310.0,5.0,0.0,40.0,1,1.0,0
57.0,3.0,20.0,1,9121.0,56.0,0.0,33.0,1,1.0,0
60.0,7.0,21.0,0,3160.0,49.0,0.0,40.0,0,1.0,1
19.0,1.0,17.0,0,9620.0,46.0,2.0,40.0,0,1.0,0
69.0,7.0,18.0,1,9130.0,38.0,0.0,30.0,0,1.0,1
34.0,3.0,22.0,1,2310.0,56.0,1.0,45.0,1,1.0,1
67.0,1.0,16.0,1,4720.0,8.0,0.0,21.0,1,1.0,0
50.0,3.0,21.0,1,2545.0,56.0,0.0,35.0,1,1.0,0
58.0,1.0,16.0,1,9130.0,110.0,0.0,24.0,0,1.0,0
55.0,1.0,17.0,1,705.0,41.0,0.0,40.0,0,2.0,0
36.0,1.0,20.0,1,4760.0,46.0,0.0,40.0,0,1.0,1
48.0,7.0,18.0,1,220.0,56.0,1.0,50.0,0,1.0,1
17.0,1.0,14.0,0,4030.0,56.0,2.0,30.0,0,1.0,0
20.0,1.0,20.0,0,3645.0,303.0,2.0,40.0,1,8.0,0
68.0,2.0,20.0,1,3255.0,56.0,1.0,20.0,1,1.0,1
49.0,1.0,17.0,1,160.0,53.0,0.0,40.0,1,1.0,1
52.0,1.0,20.0,0,4810.0,56.0,0.0,40.0,1,1.0,0
35.0,1.0,22.0,1,3258.0,49.0,1.0,20.0,1,1.0,0
49.0,3.0,20.0,1,9121.0,110.0,0.0,35.0,1,9.0,0
28.0,2.0,21.0,0,3255.0,56.0,0.0,40.0,1,9.0,1
61.0,6.0,18.0,1,220.0,30.0,0.0,30.0,0,1.0,0
45.0,1.0,22.0,1,2310.0,36.0,1.0,40.0,1,1.0,0
39.0,1.0,16.0,1,20.0,56.0,0.0,60.0,0,7.0,1
46.0,3.0,22.0,1,2310.0,56.0,0.0,50.0,1,1.0,1
31.0,1.0,16.0,1,440.0,56.0,0.0,99.0,0,1.0,1
26.0,5.0,19.0,0,5240.0,35.0,0.0,80.0,1,1.0,0
51.0,4.0,21.0,1,2014.0,56.0,0.0,40.0,1,1.0,1
27.0,1.0,21.0,0,4965.0,12.0,17.0,40.0,1,9.0,1
59.0,1.0,18.0,1,4140.0,5.0,1.0,6.0,1,9.0,0
60.0,2.0,21.0,1,4020.0,17.0,1.0,20.0,1,1.0,0
48.0,2.0,21.0,1,1006.0,56.0,0.0,40.0,0,1.0,1
56.0,6.0,21.0,1,205.0,35.0,0.0,75.0,0,1.0,0
56.0,1.0,21.0,1,420.0,48.0,0.0,40.0,0,1.0,1
22.0,1.0,16.0,0,9645.0,56.0,13.0,15.0,0,1.0,0
62.0,7.0,19.0,1,205.0,56.0,0.0,60.0,0,1.0,0
60.0,1.0,18.0,1,6305.0,42.0,0.0,48.0,0,1.0,1
56.0,7.0,19.0,0,8255.0,17.0,0.0,40.0,0,1.0,1
61.0,1.0,16.0,1,9620.0,31.0,0.0,40.0,0,1.0,0
56.0,1.0,20.0,0,3255.0,48.0,0.0,40.0,1,1.0,1
50.0,3.0,18.0,1,440.0,56.0,1.0,40.0,1,3.0,0
26.0,1.0,16.0,1,4700.0,49.0,1.0,40.0,0,1.0,0
47.0,7.0,19.0,1,4920.0,56.0,0.0,40.0,1,1.0,0
32.0,1.0,16.0,1,4720.0,56.0,0.0,15.0,1,1.0,0
65.0,7.0,18.0,1,4830.0,56.0,1.0,35.0,1,1.0,0
56.0,1.0,16.0,1,6230.0,56.0,8.0,40.0,0,1.0,0
67.0,6.0,19.0,0,440.0,16.0,0.0,48.0,0,1.0,0
51.0,6.0,9.0,1,4020.0,303.0,0.0,56.0,1,1.0,0
33.0,2.0,16.0,0,5140.0,56.0,0.0,40.0,0,1.0,0
56.0,2.0,21.0,1,420.0,28.0,1.0,40.0,1,1.0,1
76.0,1.0,16.0,1,7810.0,38.0,1.0,24.0,0,1.0,0
63.0,4.0,20.0,1,800.0,139.0,0.0,40.0,1,1.0,0
67.0,4.0,24.0,1,2205.0,36.0,0.0,20.0,0,1.0,1
30.0,1.0,16.0,1,4040.0,12.0,0.0,45.0,0,1.0,0
56.0,4.0,20.0,1,530.0,6.0,1.0,40.0,1,1.0,0
47.0,5.0,21.0,1,800.0,6.0,0.0,40.0,0,3.0,0
54.0,1.0,19.0,1,4760.0,25.0,0.0,40.0,1,1.0,0
56.0,1.0,19.0,0,5120.0,51.0,0.0,45.0,1,1.0,0
53.0,1.0,16.0,1,5120.0,56.0,0.0,45.0,1,1.0,1
21.0,1.0,19.0,0,4760.0,56.0,0.0,20.0,1,1.0,0
52.0,6.0,20.0,0,6260.0,41.0,13.0,10.0,0,1.0,0
78.0,6.0,20.0,0,8030.0,6.0,0.0,40.0,0,1.0,0
60.0,5.0,20.0,0,2180.0,56.0,0.0,40.0,1,1.0,1
32.0,1.0,16.0,1,6835.0,46.0,1.0,60.0,0,1.0,1
18.0,1.0,14.0,0,4110.0,56.0,2.0,20.0,0,1.0,0
28.0,1.0,20.0,0,9130.0,6.0,13.0,40.0,0,6.0,1
45.0,7.0,16.0,0,9130.0,26.0,15.0,50.0,0,1.0,1
56.0,1.0,20.0,1,136.0,17.0,1.0,45.0,0,1.0,1
58.0,1.0,20.0,1,4700.0,134.0,0.0,60.0,0,1.0,1
70.0,1.0,16.0,1,9645.0,36.0,0.0,40.0,0,1.0,1
59.0,1.0,21.0,1,7210.0,18.0,0.0,80.0,0,1.0,1
53.0,1.0,19.0,1,2545.0,56.0,0.0,34.0,1,1.0,0
59.0,1.0,22.0,1,120.0,17.0,0.0,21.0,1,1.0,1
30.0,1.0,17.0,0,9130.0,20.0,0.0,45.0,0,1.0,1
43.0,6.0,20.0,1,205.0,56.0,0.0,80.0,1,1.0,1
46.0,1.0,16.0,1,4700.0,53.0,1.0,40.0,0,1.0,0
45.0,1.0,13.0,0,6260.0,47.0,11.0,30.0,0,1.0,0
49.0,1.0,20.0,1,5160.0,56.0,1.0,40.0,1,1.0,0
41.0,1.0,20.0,1,2905.0,35.0,1.0,48.0,0,2.0,1
45.0,1.0,16.0,1,5240.0,41.0,1.0,36.0,1,2.0,0
28.0,1.0,19.0,0,4040.0,56.0,5.0,25.0,1,1.0,0
37.0,1.0,18.0,1,5740.0,49.0,1.0,32.0,1,1.0,0
35.0,1.0,16.0,1,20.0,8.0,1.0,60.0,0,1.0,1
66.0,2.0,22.0,1,2040.0,8.0,0.0,20.0,0,1.0,1
28.0,1.0,19.0,1,220.0,49.0,0.0,50.0,0,1.0,0
61.0,3.0,21.0,1,2435.0,9.0,0.0,40.0,1,1.0,0
60.0,1.0,21.0,1,800.0,38.0,0.0,25.0,1,1.0,0
53.0,5.0,20.0,1,230.0,30.0,0.0,40.0,1,1.0,0
60.0,2.0,21.0,1,3050.0,56.0,0.0,50.0,0,1.0,1
38.0,3.0,17.0,0,4220.0,56.0,0.0,40.0,0,3.0,0
53.0,5.0,16.0,1,4000.0,56.0,0.0,40.0,1,3.0,0
55.0,1.0,16.0,1,4110.0,46.0,1.0,15.0,1,1.0,0
68.0,1.0,19.0,0,9130.0,8.0,0.0,40.0,0,1.0,1
31.0,3.0,22.0,1,2310.0,55.0,1.0,40.0,1,1.0,0
27.0,5.0,20.0,1,2300.0,12.0,0.0,40.0,1,1.0,0
40.0,1.0,20.0,1,20.0,56.0,1.0,32.0,1,1.0,0
32.0,1.0,18.0,1,9645.0,24.0,1.0,50.0,0,1.0,0
51.0,1.0,21.0,1,910.0,30.0,1.0,40.0,1,1.0,1
24.0,1.0,20.0,1,5400.0,49.0,0.0,40.0,1,1.0,0
81.0,7.0,16.0,0,5740.0,38.0,0.0,30.0,1,1.0,1
66.0,4.0,22.0,1,1530.0,39.0,0.0,15.0,0,1.0,1
60.0,1.0,16.0,0,9130.0,56.0,0.0,60.0,1,1.0,1
47.0,1.0,20.0,1,3255.0,48.0,1.0,40.0,1,1.0,1
19.0,1.0,16.0,0,9130.0,56.0,2.0,50.0,0,1.0,0
30.0,1.0,21.0,1,20.0,46.0,1.0,48.0,1,1.0,0
22.0,1.0,19.0,1,4760.0,49.0,1.0,30.0,0,1.0,0
34.0,1.0,16.0,1,4700.0,303.0,0.0,40.0,0,1.0,0
25.0,2.0,19.0,1,5160.0,55.0,1.0,45.0,1,2.0,0
43.0,1.0,19.0,0,5740.0,56.0,0.0,41.0,1,1.0,1
63.0,1.0,16.0,0,4760.0,8.0,0.0,47.0,0,1.0,1
62.0,2.0,19.0,1,5310.0,6.0,0.0,40.0,1,1.0,0
56.0,3.0,21.0,1,7000.0,8.0,0.0,42.0,0,1.0,1
27.0,1.0,16.0,1,8990.0,16.0,1.0,60.0,0,1.0,1
38.0,4.0,18.0,0,440.0,56.0,0.0,40.0,1,1.0,0
43.0,1.0,20.0,0,3422.0,46.0,0.0,32.0,1,1.0,0
33.0,1.0,19.0,0,310.0,55.0,13.0,45.0,1,1.0,0
28.0,3.0,21.0,1,2310.0,49.0,0.0,36.0,0,1.0,0
41.0,3.0,21.0,1,3802.0,56.0,1.0,40.0,1,1.0,1
43.0,5.0,24.0,0,3050.0,56.0,0.0,40.0,1,1.0,1
23.0,1.0,21.0,0,3255.0,32.0,2.0,32.0,1,1.0,0
64.0,1.0,17.0,1,9130.0,8.0,1.0,40.0,0,1.0,1
69.0,4.0,24.0,1,2205.0,28.0,0.0,60.0,0,1.0,1
57.0,1.0,16.0,1,9130.0,46.0,1.0,40.0,0,1.0,1
69.0,3.0,21.0,1,2545.0,55.0,1.0,36.0,1,1.0,0
51.0,1.0,18.0,1,4230.0,51.0,15.0,40.0,1,1.0,0
29.0,1.0,20.0,1,51.0,12.0,1.0,45.0,1,1.0,0
36.0,1.0,16.0,0,9130.0,35.0,13.0,50.0,0,1.0,1
29.0,1.0,16.0,1,205.0,56.0,1.0,60.0,0,1.0,0
46.0,1.0,18.0,1,9130.0,20.0,0.0,42.0,0,1.0,1
38.0,1.0,20.0,1,7210.0,56.0,1.0,40.0,0,1.0,0
22.0,3.0,16.0,1,3870.0,18.0,1.0,40.0,0,1.0,0
58.0,3.0,22.0,1,2310.0,49.0,0.0,15.0,0,1.0,0
72.0,1.0,16.0,1,5820.0,33.0,1.0,44.0,1,1.0,0
60.0,6.0,18.0,1,4252.0,56.0,0.0,30.0,0,1.0,0
63.0,2.0,20.0,1,4220.0,55.0,1.0,20.0,0,1.0,0
45.0,1.0,16.0,1,4700.0,26.0,0.0,26.0,1,1.0,0
53.0,1.0,21.0,1,4760.0,6.0,0.0,50.0,0,1.0,1
62.0,1.0,19.0,0,3255.0,29.0,0.0,50.0,1,1.0,1
67.0,1.0,20.0,0,9760.0,30.0,0.0,25.0,0,1.0,0
27.0,1.0,16.0,1,6950.0,53.0,10.0,45.0,0,1.0,0
63.0,1.0,19.0,1,8920.0,55.0,1.0,60.0,1,1.0,0
48.0,2.0,18.0,1,5940.0,6.0,0.0,40.0,1,1.0,0
17.0,1.0,14.0,0,4220.0,56.0,3.0,2.0,1,1.0,0
51.0,3.0,18.0,1,5740.0,48.0,1.0,40.0,1,1.0,0
56.0,2.0,22.0,1,2002.0,36.0,0.0,45.0,0,1.0,1
34.0,1.0,19.0,1,9600.0,56.0,1.0,45.0,1,1.0,0
37.0,1.0,19.0,1,5600.0,56.0,0.0,40.0,0,1.0,1
62.0,1.0,18.0,1,4130.0,56.0,1.0,18.0,1,1.0,0
48.0,2.0,20.0,1,3255.0,46.0,0.0,40.0,0,1.0,1
67.0,1.0,16.0,0,4110.0,27.0,0.0,25.0,1,1.0,0
70.0,1.0,18.0,1,6305.0,38.0,1.0,60.0,0,1.0,1
67.0,1.0,18.0,1,410.0,56.0,1.0,40.0,1,1.0,1
38.0,2.0,16.0,1,5610.0,56.0,0.0,40.0,1,1.0,0
61.0,3.0,12.0,0,230.0,56.0,10.0,50.0,1,1.0,1
32.0,3.0,21.0,1,2320.0,56.0,1.0,40.0,0,1.0,1
73.0,1.0,16.0,1,6260.0,56.0,1.0,40.0,0,3.0,0
19.0,1.0,19.0,0,3620.0,6.0,7.0,40.0,0,1.0,0
46.0,7.0,20.0,1,205.0,46.0,0.0,40.0,0,1.0,0
35.0,3.0,21.0,1,1310.0,56.0,1.0,45.0,0,1.0,1
51.0,3.0,21.0,1,8620.0,56.0,1.0,40.0,0,1.0,0
28.0,5.0,18.0,0,6260.0,56.0,2.0,40.0,0,1.0,0
35.0,1.0,12.0,0,4220.0,48.0,0.0,40.0,0,1.0,0
40.0,1.0,19.0,1,4230.0,42.0,1.0,4.0,1,1.0,0
37.0,1.0,20.0,1,5740.0,9.0,1.0,32.0,1,1.0,0
49.0,1.0,21.0,1,2805.0,8.0,1.0,45.0,0,1.0,0
81.0,3.0,20.0,1,5420.0,20.0,1.0,1.0,1,1.0,0
64.0,1.0,16.0,1,6800.0,6.0,1.0,84.0,0,1.0,1
73.0,7.0,14.0,1,205.0,56.0,0.0,84.0,0,1.0,0
36.0,1.0,18.0,1,9620.0,56.0,1.0,4.0,1,1.0,0
23.0,1.0,20.0,0,4760.0,56.0,2.0,10.0,1,1.0,0
19.0,1.0,19.0,0,4110.0,47.0,12.0,40.0,1,1.0,0
24.0,1.0,21.0,1,3603.0,110.0,1.0,10.0,1,1.0,0
76.0,7.0,19.0,1,9130.0,31.0,1.0,40.0,0,1.0,1
55.0,3.0,21.0,1,2330.0,56.0,0.0,35.0,1,1.0,0
60.0,1.0,22.0,1,9030.0,24.0,1.0,20.0,0,1.0,1
63.0,1.0,19.0,1,4700.0,38.0,0.0,40.0,0,1.0,1
58.0,3.0,16.0,1,3030.0,56.0,1.0,40.0,1,1.0,0
61.0,1.0,19.0,0,4760.0,56.0,0.0,40.0,1,1.0,0
49.0,6.0,22.0,1,2830.0,110.0,0.0,40.0,1,1.0,0
44.0,3.0,20.0,1,4220.0,56.0,1.0,40.0,0,3.0,0
69.0,1.0,18.0,1,3930.0,4.0,1.0,15.0,1,1.0,0
69.0,6.0,13.0,0,4510.0,56.0,0.0,40.0,1,1.0,1
37.0,1.0,20.0,1,9645.0,56.0,1.0,25.0,0,1.0,0
29.0,4.0,22.0,1,3840.0,6.0,1.0,50.0,0,1.0,0
71.0,6.0,21.0,1,205.0,30.0,0.0,10.0,0,1.0,1
48.0,1.0,17.0,1,9130.0,30.0,0.0,60.0,1,1.0,0
22.0,1.0,19.0,1,4110.0,56.0,12.0,40.0,1,3.0,0
54.0,3.0,21.0,0,5240.0,56.0,0.0,42.0,1,1.0,1
31.0,5.0,19.0,1,6355.0,6.0,0.0,40.0,0,6.0,0
58.0,1.0,16.0,1,9130.0,27.0,1.0,40.0,0,1.0,0
41.0,4.0,22.0,1,3230.0,56.0,1.0,45.0,1,1.0,0
54.0,2.0,21.0,1,2040.0,20.0,0.0,40.0,0,1.0,1
30.0,1.0,16.0,1,5740.0,30.0,0.0,50.0,1,1.0,1
36.0,3.0,22.0,0,2310.0,56.0,0.0,40.0,1,1.0,1
61.0,2.0,20.0,1,3255.0,56.0,1.0,36.0,1,1.0,1
68.0,1.0,19.0,1,5400.0,19.0,1.0,16.0,1,1.0,0
42.0,6.0,17.0,1,4510.0,6.0,0.0,40.0,1,1.0,0
50.0,1.0,16.0,1,5740.0,56.0,1.0,40.0,1,1.0,0
76.0,3.0,19.0,1,440.0,54.0,0.0,4.0,1,1.0,0
36.0,1.0,20.0,1,8630.0,56.0,0.0,45.0,0,1.0,1
74.0,7.0,11.0,1,4600.0,8.0,1.0,50.0,1,1.0,0
53.0,1.0,20.0,0,440.0,19.0,0.0,30.0,1,1.0,0
49.0,1.0,20.0,1,735.0,56.0,0.0,40.0,0,1.0,1
69.0,1.0,21.0,1,9600.0,31.0,0.0,40.0,0,1.0,0
39.0,1.0,14.0,1,9130.0,56.0,1.0,50.0,0,1.0,0
53.0,1.0,17.0,0,8140.0,41.0,13.0,55.0,0,1.0,1
57.0,1.0,20.0,1,3255.0,31.0,1.0,40.0,1,1.0,1
29.0,1.0,19.0,0,9650.0,56.0,0.0,40.0,0,1.0,1
33.0,1.0,21.0,1,4850.0,41.0,1.0,30.0,0,9.0,1
20.0,3.0,18.0,1,3603.0,56.0,0.0,40.0,1,1.0,0
53.0,6.0,19.0,1,6410.0,8.0,0.0,50.0,0,1.0,1
46.0,7.0,17.0,0,6850.0,49.0,0.0,50.0,0,1.0,1
38.0,7.0,19.0,1,6442.0,56.0,1.0,65.0,0,1.0,1
33.0,1.0,19.0,1,3421.0,30.0,1.0,40.0,0,9.0,0
22.0,1.0,16.0,1,3930.0,4.0,1.0,40.0,0,1.0,0
54.0,5.0,22.0,1,440.0,29.0,0.0,40.0,0,1.0,1
59.0,1.0,14.0,1,5860.0,53.0,1.0,36.0,1,1.0,0
39.0,1.0,21.0,0,3255.0,46.0,0.0,40.0,1,1.0,1
31.0,8.0,16.0,1,6460.0,56.0,0.0,40.0,1,1.0,0
21.0,1.0,16.0,0,6050.0,13.0,12.0,50.0,0,1.0,0
62.0,2.0,18.0,1,7410.0,56.0,1.0,40.0,0,1.0,1
57.0,1.0,19.0,1,2100.0,53.0,8.0,50.0,0,1.0,1
63.0,2.0,21.0,1,2040.0,56.0,1.0,40.0,0,1.0,1
32.0,3.0,21.0,1,3255.0,46.0,1.0,36.0,1,1.0,1
50.0,1.0,19.0,1,3424.0,11.0,0.0,40.0,1,1.0,0
50.0,4.0,20.0,1,7220.0,46.0,0.0,40.0,0,1.0,0
55.0,1.0,19.0,1,4810.0,49.0,1.0,40.0,1,1.0,1
27.0,1.0,16.0,0,4020.0,41.0,13.0,36.0,0,1.0,0
50.0,1.0,18.0,1,4760.0,48.0,1.0,32.0,1,1.0,0
47.0,1.0,20.0,1,7000.0,26.0,0.0,40.0,0,1.0,0
60.0,1.0,13.0,1,4010.0,303.0,1.0,45.0,1,8.0,0
32.0,7.0,22.0,1,4760.0,23.0,9.0,45.0,0,1.0,0
55.0,1.0,17.0,1,3424.0,38.0,0.0,45.0,1,1.0,0
50.0,7.0,24.0,1,3040.0,56.0,0.0,50.0,0,1.0,1
71.0,7.0,16.0,1,9130.0,56.0,0.0,40.0,0,1.0,1
46.0,2.0,16.0,1,4220.0,8.0,1.0,16.0,1,1.0,0
17.0,1.0,14.0,0,4130.0,49.0,2.0,20.0,0,1.0,0
55.0,1.0,23.0,0,3090.0,6.0,0.0,40.0,1,1.0,1
64.0,6.0,20.0,1,8335.0,20.0,1.0,40.0,0,1.0,0
57.0,3.0,19.0,1,2014.0,16.0,0.0,40.0,0,1.0,1
62.0,1.0,13.0,1,9610.0,17.0,1.0,20.0,1,1.0,0
67.0,2.0,21.0,1,2040.0,24.0,0.0,50.0,0,1.0,1
65.0,1.0,19.0,1,8030.0,19.0,1.0,40.0,0,1.0,1
42.0,4.0,22.0,1,3230.0,39.0,1.0,40.0,1,1.0,1
42.0,1.0,16.0,1,6950.0,56.0,1.0,84.0,0,1.0,1
52.0,1.0,19.0,1,3603.0,30.0,1.0,50.0,1,8.0,0
56.0,1.0,16.0,1,7210.0,31.0,0.0,40.0,0,1.0,1
44.0,1.0,19.0,1,136.0,8.0,0.0,60.0,0,1.0,1
69.0,6.0,16.0,1,3648.0,6.0,1.0,16.0,0,1.0,0
44.0,2.0,16.0,1,9142.0,6.0,16.0,45.0,0,1.0,0
55.0,3.0,20.0,1,1108.0,6.0,1.0,40.0,0,1.0,1
27.0,4.0,21.0,0,1760.0,34.0,12.0,40.0,1,1.0,0
25.0,1.0,17.0,1,6410.0,16.0,1.0,40.0,0,1.0,0
52.0,6.0,19.0,1,4020.0,56.0,0.0,15.0,1,3.0,0
40.0,1.0,15.0,1,6800.0,56.0,1.0,60.0,0,1.0,1
24.0,1.0,18.0,1,4720.0,56.0,1.0,25.0,1,1.0,0
48.0,1.0,16.0,0,9130.0,56.0,0.0,45.0,0,1.0,0
27.0,1.0,16.0,0,5610.0,56.0,2.0,45.0,0,1.0,0
35.0,4.0,21.0,1,2205.0,8.0,0.0,40.0,0,1.0,0
46.0,1.0,21.0,1,1520.0,56.0,0.0,60.0,0,3.0,1
38.0,2.0,22.0,1,2310.0,30.0,1.0,50.0,1,1.0,1
39.0,1.0,17.0,1,4220.0,56.0,0.0,40.0,0,1.0,1
32.0,1.0,11.0,0,9645.0,48.0,0.0,20.0,1,1.0,0
62.0,4.0,17.0,1,3030.0,19.0,1.0,40.0,1,1.0,0
44.0,6.0,19.0,0,4600.0,56.0,2.0,45.0,1,3.0,0
49.0,3.0,22.0,1,2320.0,16.0,1.0,40.0,0,3.0,1
48.0,3.0,21.0,1,5000.0,56.0,0.0,40.0,1,1.0,1
38.0,1.0,15.0,1,6240.0,26.0,1.0,60.0,0,1.0,1
64.0,1.0,22.0,0,9645.0,27.0,12.0,40.0,1,1.0,0
19.0,3.0,16.0,0,4251.0,56.0,2.0,25.0,1,1.0,0
31.0,1.0,13.0,1,6800.0,56.0,0.0,90.0,0,1.0,0
45.0,2.0,18.0,0,4720.0,56.0,2.0,27.0,1,1.0,0
58.0,1.0,16.0,1,4700.0,56.0,1.0,40.0,1,1.0,0
66.0,3.0,22.0,1,5000.0,17.0,0.0,50.0,0,1.0,1
79.0,6.0,24.0,0,2100.0,19.0,0.0,15.0,1,1.0,1
57.0,1.0,19.0,1,530.0,32.0,0.0,50.0,1,1.0,1
28.0,1.0,17.0,1,3500.0,56.0,0.0,40.0,1,1.0,0
41.0,3.0,16.0,1,1935.0,49.0,1.0,50.0,0,1.0,1
73.0,6.0,16.0,1,9130.0,38.0,0.0,8.0,1,1.0,0
82.0,3.0,11.0,0,2545.0,56.0,0.0,40.0,1,3.0,0
61.0,1.0,19.0,0,9130.0,53.0,0.0,60.0,0,1.0,1
67.0,1.0,21.0,1,5510.0,56.0,1.0,50.0,0,1.0,1
57.0,7.0,21.0,1,4760.0,30.0,1.0,55.0,0,1.0,1
59.0,1.0,15.0,1,9130.0,56.0,0.0,45.0,0,1.0,0
57.0,4.0,23.0,1,440.0,56.0,1.0,50.0,1,1.0,1
22.0,1.0,21.0,0,5040.0,56.0,2.0,40.0,1,1.0,0
32.0,1.0,21.0,0,20.0,421.0,0.0,33.0,0,2.0,0
47.0,2.0,21.0,1,3255.0,27.0,0.0,36.0,1,1.0,1
55.0,3.0,22.0,1,2310.0,46.0,1.0,37.0,1,1.0,1
44.0,1.0,16.0,1,9130.0,8.0,1.0,40.0,1,1.0,0
61.0,3.0,16.0,1,4600.0,18.0,1.0,37.0,1,1.0,1
41.0,1.0,20.0,1,3255.0,56.0,1.0,36.0,1,1.0,1
23.0,1.0,19.0,0,6305.0,56.0,2.0,84.0,0,1.0,1
49.0,6.0,21.0,1,220.0,8.0,1.0,50.0,0,1.0,0
72.0,1.0,19.0,1,4220.0,46.0,0.0,24.0,0,1.0,0
66.0,1.0,16.0,1,530.0,56.0,0.0,40.0,0,1.0,1
62.0,1.0,18.0,1,4810.0,55.0,0.0,40.0,1,1.0,0
49.0,3.0,18.0,0,4251.0,38.0,10.0,40.0,0,1.0,0
19.0,1.0,18.0,0,9365.0,46.0,17.0,40.0,0,1.0,0
23.0,4.0,21.0,0,2310.0,56.0,0.0,40.0,1,1.0,0
46.0,6.0,22.0,1,5120.0,42.0,1.0,15.0,1,1.0,0
43.0,6.0,21.0,1,2700.0,38.0,1.0,40.0,1,1.0,1
64.0,7.0,21.0,1,940.0,39.0,6.0,40.0,0,1.0,1
55.0,3.0,19.0,1,440.0,55.0,1.0,47.0,0,1.0,1
34.0,6.0,16.0,1,205.0,56.0,0.0,84.0,0,1.0,0
35.0,1.0,19.0,1,140.0,4.0,0.0,45.0,0,1.0,1
47.0,2.0,22.0,1,5740.0,12.0,1.0,9.0,1,1.0,0
56.0,2.0,20.0,1,5740.0,51.0,0.0,30.0,1,1.0,0
59.0,1.0,18.0,0,3300.0,46.0,0.0,38.0,1,1.0,1
61.0,3.0,16.0,1,650.0,56.0,1.0,40.0,1,1.0,0
53.0,3.0,16.0,1,5740.0,16.0,1.0,40.0,1,1.0,0
25.0,1.0,19.0,0,8630.0,19.0,0.0,60.0,0,1.0,1
51.0,1.0,17.0,1,7240.0,56.0,0.0,40.0,0,1.0,0
50.0,3.0,19.0,0,1108.0,16.0,0.0,40.0,1,3.0,1
57.0,5.0,21.0,1,3255.0,56.0,1.0,40.0,1,1.0,0
47.0,7.0,21.0,1,410.0,56.0,1.0,40.0,0,1.0,1
47.0,1.0,23.0,1,3090.0,6.0,1.0,40.0,0,1.0,1
28.0,6.0,23.0,1,3250.0,8.0,1.0,48.0,1,1.0,0
36.0,1.0,18.0,1,4840.0,8.0,0.0,45.0,0,1.0,0
26.0,1.0,19.0,1,4020.0,48.0,12.0,40.0,0,1.0,0
54.0,1.0,19.0,1,9210.0,56.0,0.0,40.0,0,1.0,1
64.0,1.0,19.0,1,350.0,56.0,1.0,40.0,1,1.0,0
26.0,3.0,21.0,1,2310.0,56.0,1.0,40.0,1,1.0,0
34.0,1.0,21.0,1,440.0,56.0,1.0,40.0,0,1.0,1
65.0,1.0,20.0,1,136.0,56.0,1.0,40.0,1,1.0,1
44.0,2.0,23.0,1,3258.0,56.0,0.0,36.0,1,1.0,1
56.0,1.0,23.0,1,4840.0,301.0,1.0,45.0,0,1.0,1
30.0,1.0,20.0,1,5740.0,303.0,1.0,40.0,1,8.0,0
27.0,1.0,19.0,1,3930.0,35.0,0.0,40.0,0,1.0,0
34.0,7.0,19.0,1,2722.0,56.0,1.0,25.0,0,1.0,1
37.0,4.0,21.0,0,1050.0,56.0,0.0,40.0,1,1.0,1
28.0,7.0,22.0,1,4920.0,56.0,1.0,40.0,1,1.0,0
70.0,4.0,22.0,0,2205.0,303.0,0.0,6.0,1,3.0,1
57.0,1.0,22.0,1,705.0,215.0,0.0,40.0,0,6.0,0
56.0,4.0,21.0,0,20.0,56.0,0.0,45.0,0,1.0,1
25.0,1.0,19.0,0,6260.0,56.0,2.0,40.0,0,3.0,1
37.0,3.0,21.0,1,2320.0,46.0,0.0,45.0,0,1.0,1
67.0,7.0,20.0,1,6230.0,27.0,1.0,48.0,0,1.0,1
